CustomerID,CustomerName,Gender,Age,City,Country,CustomerSegment,JoinDate,LoyaltyMember
C10001,John Iqbal,Male,33,Los Angeles,USA,Premium,2021-08-17,True
C10002,Ava Farooq,Female,44,Manchester,UK,VIP,2023-11-20,True
C10003,Omar Siddiqui,Female,36,Islamabad,Pakistan,Regular,2023-11-20,True
C10004,Faisal Raza,Female,37,Islamabad,Pakistan,New,2023-12-22,False
C10005,Michael Ahmed,Female,53,Vancouver,Canada,Regular,2022-06-27,True
C10006,John Williams,Female,19,Islamabad,Pakistan,Regular,2025-03-07,False
C10007,Mariam Raza,Male,22,Abu Dhabi,UAE,Regular,2024-02-17,True
C10008,Bilal Lewis,Female,27,Vancouver,Canada,Regular,2023-12-25,True
C10009,Noor Johnson,Male,46,Karachi,Pakistan,Premium,2024-12-26,False
C10010,Mariam Farooq,Female,30,Chicago,USA,Regular,2022-10-15,False
C10011,Imran Wilson,Female,28,Berlin,Germany,VIP,2023-10-05,False
C10012,Emma Johnson,Male,63,New York,USA,VIP,2021-02-10,True
C10013,Kamran Wilson,Male,45,Jeddah,Saudi Arabia,Regular,2022-04-27,False
C10014,Noor Malik,Female,50,Lahore,Pakistan,Regular,2023-07-03,False
C10015,Omar Siddiqui,Female,68,Lahore,Pakistan,Regular,2022-01-10,False
C10016,Kamran Lewis,Male,23,New York,USA,Regular,2022-04-27,True
C10017,Imran Williams,Male,67,Vancouver,Canada,Regular,2025-05-04,True
C10018,John Lewis,Female,22,Paris,France,Regular,2022-08-20,True
C10019,Mariam Raza,Female,45,Toronto,Canada,Regular,2025-06-08,False
C10020,Imran Johnson,Male,51,Islamabad,Pakistan,Premium,2022-09-18,True
C10021,Sara Brown,Female,34,New York,USA,Premium,2024-06-26,True
C10022,Sophia Siddiqui,Female,26,Riyadh,Saudi Arabia,Regular,2023-09-11,True
C10023,John Iqbal,Male,22,New York,USA,Premium,2024-08-02,False
C10024,Olivia Shah,Male,38,Karachi,Pakistan,New,2022-09-13,False
C10025,David Shah,Female,40,Karachi,Pakistan,New,2023-01-28,False
C10026,Olivia Johnson,Female,43,Faisalabad,Pakistan,Premium,2023-07-11,True
C10027,Fatima Wilson,Female,69,New York,USA,Regular,2024-07-03,False
C10028,Amina Farooq,Female,24,Dubai,UAE,Regular,2025-11-10,False
C10029,Michael Williams,Male,62,Vancouver,Canada,Regular,2024-08-02,False
C10030,Hassan Malik,Male,60,Paris,France,Premium,2025-06-17,True
C10031,Emma Lewis,Female,20,Multan,Pakistan,Regular,2021-04-25,False
C10032,Faisal Malik,Male,61,Berlin,Germany,Regular,2023-06-12,False
C10033,Bilal Wilson,Female,43,Toronto,Canada,Regular,2021-05-08,True
C10034,Sana Wilson,Female,53,Dubai,UAE,Regular,2021-05-23,False
C10035,Zara Miller,Male,25,Vancouver,Canada,Regular,2022-02-15,True
C10036,Olivia Smith,Female,63,Islamabad,Pakistan,Regular,2024-09-10,False
C10037,Olivia Johnson,Male,25,Dubai,UAE,New,2022-03-08,False
C10038,Amina Clark,Female,47,Manchester,UK,VIP,2021-09-05,True
C10039,Tariq Miller,Female,67,Doha,Qatar,Regular,2021-10-03,True
C10040,Kamran Davis,Female,26,Islamabad,Pakistan,New,2023-09-21,True
C10041,Imran Malik,Male,51,Paris,France,Regular,2022-03-06,False
C10042,Imran Farooq,Male,34,Manchester,UK,Regular,2022-09-09,True
C10043,Amina Ahmed,Male,55,Vancouver,Canada,New,2023-03-06,False
C10044,James Khan,Male,20,Karachi,Pakistan,New,2025-10-09,True
C10045,Laila Khan,Female,58,Paris,France,Premium,2025-11-10,False
C10046,Zara Davis,Male,62,Berlin,Germany,Regular,2022-08-14,False
C10047,Omar Lewis,Male,38,Abu Dhabi,UAE,New,2024-06-24,False
C10048,David Johnson,Male,38,Multan,Pakistan,Regular,2024-02-09,False
C10049,Ayesha Malik,Female,42,Multan,Pakistan,New,2022-07-08,True
C10050,Sophia Smith,Male,66,Toronto,Canada,Regular,2023-09-15,False
C10051,Ali Ahmed,Female,50,New York,USA,Regular,2023-04-07,False
C10052,Zara Miller,Female,36,Karachi,Pakistan,Premium,2021-02-14,True
C10053,David Brown,Female,20,Manchester,UK,Regular,2023-10-18,True
C10054,Zara Ahmed,Female,50,Chicago,USA,Regular,2023-09-09,True
C10055,Tariq Johnson,Female,53,Faisalabad,Pakistan,New,2022-03-07,False
C10056,Sara Malik,Male,63,Karachi,Pakistan,Regular,2025-08-17,False
C10057,Daniel Wilson,Male,38,Vancouver,Canada,New,2022-06-06,False
C10058,Faisal Smith,Female,63,Doha,Qatar,Premium,2025-08-27,True
C10059,Emily Siddiqui,Female,55,London,UK,Regular,2023-12-28,True
C10060,Hassan Clark,Male,64,New York,USA,Regular,2025-08-06,False
C10061,Sara Clark,Male,30,Riyadh,Saudi Arabia,Regular,2022-06-14,True
C10062,Noor Wilson,Female,65,Abu Dhabi,UAE,Premium,2024-12-05,True
C10063,Emily Miller,Female,38,London,UK,New,2025-08-18,False
C10064,Emily Chaudhry,Female,30,Manchester,UK,New,2025-05-18,False
C10065,David Farooq,Male,62,Doha,Qatar,Premium,2022-06-16,False
C10066,Zara Siddiqui,Female,43,Jeddah,Saudi Arabia,VIP,2025-03-10,True
C10067,Fatima Davis,Female,65,Islamabad,Pakistan,Regular,2023-04-27,False
C10068,Bilal Siddiqui,Male,33,Jeddah,Saudi Arabia,Regular,2025-09-08,True
C10069,Noor Smith,Female,24,Faisalabad,Pakistan,Premium,2021-03-01,True
C10070,Sana Shah,Female,38,New York,USA,Regular,2024-01-25,True
C10071,Amina Malik,Male,44,Riyadh,Saudi Arabia,New,2025-03-02,False
C10072,Ava Farooq,Male,18,Dubai,UAE,Regular,2024-10-04,False
C10073,John Anderson,Female,26,Madrid,Spain,New,2023-08-09,True
C10074,Hina Davis,Female,63,London,UK,Regular,2021-12-11,False
C10075,Hina Lewis,Female,70,Abu Dhabi,UAE,Regular,2025-06-03,False
C10076,Bilal Miller,Female,33,Dubai,UAE,Regular,2021-07-08,False
C10077,Zara Clark,Male,34,London,UK,Premium,2023-12-08,True
C10078,Zara Iqbal,Female,61,Madrid,Spain,Premium,2021-12-25,False
C10079,Fatima Lewis,Male,32,Doha,Qatar,New,2021-08-05,False
C10080,Noor Anderson,Female,66,Manchester,UK,Premium,2025-11-27,True
C10081,Emma Ahmed,Female,51,Vancouver,Canada,Premium,2022-02-19,True
C10082,Daniel Wilson,Male,54,Chicago,USA,Premium,2021-03-11,False
C10083,Michael Clark,Female,23,Abu Dhabi,UAE,New,2021-08-26,True
C10084,Imran Williams,Female,54,Multan,Pakistan,Regular,2024-08-22,False
C10085,Hassan Khan,Male,55,Berlin,Germany,Regular,2021-07-12,True
C10086,Ava Ahmed,Female,20,Karachi,Pakistan,Regular,2025-03-25,True
C10087,Daniel Brown,Female,42,Manchester,UK,Regular,2024-11-22,True
C10088,Hina Anderson,Female,51,Faisalabad,Pakistan,Regular,2023-04-27,True
C10089,Kamran Anderson,Female,52,Doha,Qatar,Regular,2021-04-08,False
C10090,Hassan Shah,Male,20,Multan,Pakistan,VIP,2023-07-20,True
C10091,Ahmed Siddiqui,Male,46,Abu Dhabi,UAE,Premium,2022-12-28,True
C10092,Tariq Davis,Male,52,Karachi,Pakistan,Regular,2022-01-05,False
C10093,Omar Clark,Female,33,Toronto,Canada,Regular,2022-03-22,True
C10094,Hassan Malik,Male,58,Doha,Qatar,Premium,2024-09-16,True
C10095,Olivia Wilson,Female,62,Berlin,Germany,Regular,2023-03-10,False
C10096,Sana Butt,Male,37,Chicago,USA,New,2022-03-26,False
C10097,Noor Williams,Male,42,Chicago,USA,Regular,2021-04-11,True
C10098,Ahmed Anderson,Male,21,Manchester,UK,Regular,2024-11-20,True
C10099,Olivia Clark,Male,48,Abu Dhabi,UAE,Regular,2021-06-10,True
C10100,Sophia Siddiqui,Female,33,Abu Dhabi,UAE,Premium,2022-12-07,False
C10101,Omar Farooq,Female,47,Chicago,USA,Premium,2022-06-10,False
C10102,Daniel Miller,Female,24,Los Angeles,USA,VIP,2023-12-16,False
C10103,Omar Williams,Male,54,Manchester,UK,New,2022-12-05,True
C10104,Ava Clark,Female,36,Chicago,USA,Regular,2023-06-08,False
C10105,Sana Anderson,Female,34,Riyadh,Saudi Arabia,VIP,2025-08-24,False
C10106,Sophia Johnson,Male,26,Dubai,UAE,Premium,2024-08-06,True
C10107,James Ahmed,Male,66,Karachi,Pakistan,Regular,2025-03-27,True
C10108,Ali Shah,Female,41,Multan,Pakistan,Regular,2021-11-22,False
C10109,Ali Anderson,Female,18,Lahore,Pakistan,Regular,2024-12-09,False
C10110,James Williams,Male,24,Los Angeles,USA,New,2021-09-05,True
C10111,Imran Chaudhry,Female,35,Vancouver,Canada,VIP,2022-02-12,False
C10112,Mariam Butt,Female,61,Toronto,Canada,VIP,2024-02-21,True
C10113,Tariq Brown,Female,21,Berlin,Germany,Premium,2021-12-06,True
C10114,John Smith,Male,51,Paris,France,New,2024-04-07,False
C10115,Ava Ahmed,Female,52,Karachi,Pakistan,Premium,2023-01-06,False
C10116,Faisal Raza,Female,22,Abu Dhabi,UAE,Regular,2021-10-08,False
C10117,Tariq Raza,Male,50,London,UK,Premium,2025-06-02,True
C10118,James Ahmed,Female,56,Riyadh,Saudi Arabia,VIP,2024-10-13,False
C10119,Olivia Davis,Female,32,Jeddah,Saudi Arabia,Regular,2021-07-14,True
C10120,Ahmed Lewis,Female,69,Berlin,Germany,Regular,2025-02-03,False
C10121,Michael Raza,Female,38,Berlin,Germany,Regular,2022-02-01,False
C10122,David Chaudhry,Male,26,Manchester,UK,Regular,2024-07-15,False
C10123,Ahmed Johnson,Male,56,Lahore,Pakistan,Premium,2021-06-28,False
C10124,Noor Brown,Male,64,Doha,Qatar,New,2021-04-19,True
C10125,Bilal Chaudhry,Female,35,Dubai,UAE,Regular,2024-02-06,False
C10126,Zara Miller,Male,41,Paris,France,Regular,2023-04-24,False
C10127,Usman Davis,Male,26,Vancouver,Canada,Regular,2025-07-11,False
C10128,Omar Williams,Male,37,Madrid,Spain,Regular,2023-12-07,False
C10129,Tariq Smith,Female,65,Dubai,UAE,Premium,2023-08-19,True
C10130,Hassan Brown,Female,25,Berlin,Germany,New,2023-04-19,True
C10131,Sophia Davis,Male,46,Lahore,Pakistan,VIP,2025-12-03,False
C10132,John Farooq,Male,34,Multan,Pakistan,Premium,2024-12-14,False
C10133,Laila Miller,Female,52,Madrid,Spain,Premium,2021-12-14,True
C10134,Laila Ahmed,Male,67,Chicago,USA,Regular,2023-11-12,True
C10135,Faisal Brown,Female,68,Karachi,Pakistan,Regular,2025-01-04,False
C10136,Sophia Wilson,Male,46,Los Angeles,USA,Regular,2022-08-25,True
C10137,Sana Siddiqui,Female,44,Lahore,Pakistan,New,2023-02-04,True
C10138,Omar Davis,Male,51,Doha,Qatar,Regular,2023-08-04,False
C10139,Ahmed Farooq,Male,69,London,UK,Premium,2024-01-28,False
C10140,Ava Butt,Male,53,Dubai,UAE,Regular,2021-09-14,False
C10141,John Iqbal,Male,58,Berlin,Germany,Premium,2022-07-01,True
C10142,Noor Brown,Male,63,Toronto,Canada,Regular,2024-05-25,True
C10143,Olivia Anderson,Male,41,Faisalabad,Pakistan,Regular,2025-08-04,False
C10144,John Smith,Female,57,Los Angeles,USA,Regular,2024-02-12,False
C10145,Hina Farooq,Male,61,Vancouver,Canada,Regular,2024-02-08,False
C10146,Fatima Raza,Female,44,Dubai,UAE,Premium,2021-10-13,False
C10147,John Anderson,Male,53,New York,USA,Regular,2022-05-05,True
C10148,Laila Malik,Female,18,Madrid,Spain,Regular,2023-04-27,False
C10149,John Miller,Female,61,Los Angeles,USA,Regular,2025-12-27,False
C10150,Ahmed Clark,Male,68,Dubai,UAE,VIP,2024-05-02,False
C10151,Zara Iqbal,Female,54,Chicago,USA,Premium,2022-08-18,True
C10152,Hassan Anderson,Female,52,Faisalabad,Pakistan,VIP,2025-01-25,False
C10153,Noor Siddiqui,Male,37,Abu Dhabi,UAE,New,2025-01-15,False
C10154,Kamran Siddiqui,Male,31,Islamabad,Pakistan,VIP,2023-10-23,False
C10155,Hina Lewis,Male,68,Paris,France,Regular,2025-04-26,True
C10156,Amina Chaudhry,Male,38,Manchester,UK,New,2025-05-10,False
C10157,Bilal Williams,Male,35,Faisalabad,Pakistan,New,2025-03-23,True
C10158,Michael Smith,Male,66,Multan,Pakistan,VIP,2022-07-16,True
C10159,John Williams,Female,46,Jeddah,Saudi Arabia,Regular,2025-02-13,False
C10160,Sana Smith,Male,67,Madrid,Spain,VIP,2023-02-24,False
C10161,Olivia Anderson,Female,31,Islamabad,Pakistan,New,2023-04-16,False
C10162,Omar Anderson,Male,54,Doha,Qatar,New,2023-06-22,True
C10163,John Davis,Male,25,Faisalabad,Pakistan,New,2021-03-15,False
C10164,Usman Raza,Female,28,Paris,France,New,2021-05-03,False
C10165,Fatima Iqbal,Male,43,Islamabad,Pakistan,Premium,2023-12-23,True
C10166,Michael Siddiqui,Male,31,Islamabad,Pakistan,Regular,2024-03-19,True
C10167,Ali Khan,Female,70,Madrid,Spain,Regular,2025-07-23,True
C10168,Mariam Brown,Male,64,Islamabad,Pakistan,VIP,2024-02-11,False
C10169,Tariq Raza,Male,22,Multan,Pakistan,Premium,2023-01-20,True
C10170,Sophia Shah,Male,44,Manchester,UK,Premium,2024-08-28,True
C10171,Bilal Siddiqui,Female,40,Faisalabad,Pakistan,New,2021-06-26,True
C10172,John Ahmed,Male,53,Jeddah,Saudi Arabia,Premium,2022-12-20,False
C10173,Usman Wilson,Male,65,Doha,Qatar,Regular,2021-11-02,True
C10174,Ayesha Butt,Female,58,Berlin,Germany,Premium,2024-09-01,False
C10175,Tariq Clark,Female,41,Multan,Pakistan,Premium,2023-03-25,False
C10176,Faisal Ahmed,Male,34,Lahore,Pakistan,Regular,2021-01-26,False
C10177,John Wilson,Female,45,Doha,Qatar,Premium,2025-02-21,True
C10178,Zara Ahmed,Male,69,Islamabad,Pakistan,Regular,2023-06-13,True
C10179,Sophia Butt,Male,33,Paris,France,Regular,2023-07-04,False
C10180,Sara Farooq,Male,25,Vancouver,Canada,Regular,2025-03-23,True
C10181,Fatima Wilson,Female,28,New York,USA,Regular,2022-12-25,False
C10182,Omar Williams,Female,51,Lahore,Pakistan,Regular,2021-12-19,True
C10183,Imran Johnson,Male,49,Madrid,Spain,New,2024-03-12,True
C10184,Daniel Clark,Male,32,Faisalabad,Pakistan,Premium,2023-01-02,True
C10185,Sana Johnson,Female,27,Karachi,Pakistan,Regular,2022-01-18,False
C10186,Mariam Williams,Female,35,London,UK,VIP,2022-10-12,True
C10187,Hina Butt,Male,43,Karachi,Pakistan,Regular,2025-08-28,False
C10188,Ahmed Anderson,Female,18,London,UK,Regular,2023-05-19,False
C10189,Kamran Johnson,Female,67,Riyadh,Saudi Arabia,VIP,2025-12-18,True
C10190,Ava Williams,Male,32,Lahore,Pakistan,Premium,2022-11-27,True
C10191,David Brown,Female,24,Lahore,Pakistan,Regular,2023-04-14,False
C10192,Michael Chaudhry,Male,20,Multan,Pakistan,New,2021-09-14,False
C10193,Faisal Siddiqui,Male,58,Islamabad,Pakistan,VIP,2024-02-19,True
C10194,Mariam Farooq,Female,38,Multan,Pakistan,New,2024-07-23,False
C10195,Hassan Butt,Male,30,Madrid,Spain,Regular,2023-10-04,True
C10196,Kamran Davis,Female,44,Dubai,UAE,Regular,2021-06-25,True
C10197,Kamran Chaudhry,Male,23,Doha,Qatar,Regular,2024-11-10,True
C10198,Bilal Ahmed,Male,40,London,UK,Regular,2022-01-22,False
C10199,Ali Brown,Female,53,Dubai,UAE,Premium,2023-04-04,False
C10200,Ayesha Khan,Male,67,Multan,Pakistan,New,2021-03-07,False
C10201,Faisal Clark,Female,70,Islamabad,Pakistan,Regular,2023-02-07,False
C10202,Daniel Smith,Male,20,Islamabad,Pakistan,New,2022-01-06,False
C10203,Ali Brown,Female,29,New York,USA,Regular,2024-03-09,False
C10204,Sara Lewis,Male,59,Multan,Pakistan,Regular,2024-07-18,False
C10205,Hassan Brown,Male,44,Islamabad,Pakistan,Regular,2021-09-08,True
C10206,Sana Anderson,Female,40,Manchester,UK,New,2024-09-11,False
C10207,Ali Smith,Male,19,Dubai,UAE,New,2023-05-02,False
C10208,David Clark,Male,28,Manchester,UK,Regular,2025-11-08,False
C10209,David Butt,Female,40,Karachi,Pakistan,New,2025-03-06,True
C10210,Olivia Johnson,Male,63,London,UK,Premium,2025-10-19,True
C10211,James Miller,Female,29,Abu Dhabi,UAE,Regular,2025-02-02,True
C10212,Ali Wilson,Female,18,Riyadh,Saudi Arabia,Regular,2025-10-07,True
C10213,Ava Smith,Male,19,Dubai,UAE,Regular,2023-12-05,True
C10214,Ahmed Johnson,Female,55,Manchester,UK,Regular,2025-05-11,True
C10215,Olivia Miller,Female,29,Paris,France,Premium,2022-09-23,False
C10216,James Iqbal,Female,37,Toronto,Canada,Premium,2022-05-05,True
C10217,Tariq Clark,Male,29,Toronto,Canada,Premium,2021-10-08,True
C10218,Omar Ahmed,Male,40,Multan,Pakistan,New,2024-03-21,True
C10219,Ali Chaudhry,Male,33,Madrid,Spain,Premium,2023-06-09,True
C10220,Tariq Davis,Female,28,Karachi,Pakistan,New,2021-08-13,False
C10221,Ayesha Miller,Male,28,Berlin,Germany,Regular,2025-01-10,True
C10222,Ayesha Ahmed,Female,28,Jeddah,Saudi Arabia,New,2023-03-24,True
C10223,Omar Lewis,Female,63,Islamabad,Pakistan,Regular,2025-11-06,False
C10224,Ayesha Smith,Male,30,Karachi,Pakistan,Regular,2022-09-24,False
C10225,Mariam Siddiqui,Male,43,Doha,Qatar,Premium,2023-08-05,True
C10226,Noor Ahmed,Female,70,Lahore,Pakistan,Premium,2023-10-16,True
C10227,Usman Iqbal,Female,23,Lahore,Pakistan,Regular,2021-02-10,False
C10228,Daniel Chaudhry,Male,59,New York,USA,Premium,2024-03-12,False
C10229,Kamran Malik,Female,46,Dubai,UAE,Regular,2023-04-27,False
C10230,Bilal Siddiqui,Male,60,Karachi,Pakistan,Regular,2025-09-14,True
C10231,James Brown,Female,52,Karachi,Pakistan,Premium,2025-08-19,True
C10232,Ahmed Brown,Male,50,Doha,Qatar,Premium,2024-09-26,True
C10233,Hina Iqbal,Male,69,Madrid,Spain,Regular,2021-01-14,True
C10234,James Raza,Female,38,Abu Dhabi,UAE,New,2024-02-03,False
C10235,Amina Smith,Female,51,Berlin,Germany,Regular,2025-01-26,False
C10236,Bilal Raza,Male,24,Paris,France,Premium,2021-02-26,False
C10237,Daniel Williams,Female,42,Manchester,UK,Premium,2025-10-20,False
C10238,Hassan Brown,Male,57,Dubai,UAE,Premium,2021-12-13,True
C10239,Michael Butt,Male,65,London,UK,Regular,2024-05-12,True
C10240,Zara Chaudhry,Female,62,Doha,Qatar,Premium,2023-04-05,False
C10241,Hassan Williams,Male,30,London,UK,Regular,2024-07-24,False
C10242,James Malik,Male,22,Manchester,UK,Regular,2025-09-13,True
C10243,Ali Iqbal,Male,30,Toronto,Canada,VIP,2025-04-02,False
C10244,Michael Shah,Female,41,Manchester,UK,VIP,2021-09-13,True
C10245,Fatima Miller,Female,29,Riyadh,Saudi Arabia,New,2021-08-19,False
C10246,James Chaudhry,Male,36,Dubai,UAE,Regular,2023-01-06,True
C10247,Emily Shah,Female,59,Riyadh,Saudi Arabia,Regular,2022-01-28,True
C10248,John Iqbal,Male,32,Multan,Pakistan,Regular,2024-05-23,False
C10249,Emma Johnson,Female,34,Berlin,Germany,Regular,2024-05-22,False
C10250,Ali Wilson,Female,53,Faisalabad,Pakistan,Premium,2025-10-10,False
C10251,Ahmed Smith,Female,58,New York,USA,Regular,2021-05-09,False
C10252,Imran Butt,Male,69,Multan,Pakistan,New,2022-10-13,False
C10253,John Miller,Female,34,Lahore,Pakistan,New,2022-07-13,True
C10254,James Shah,Female,64,Toronto,Canada,Premium,2025-11-18,False
C10255,Zara Iqbal,Male,36,Los Angeles,USA,Regular,2023-03-24,False
C10256,Emily Smith,Male,32,Dubai,UAE,Regular,2025-12-28,False
C10257,Fatima Chaudhry,Female,47,London,UK,New,2024-08-02,True
C10258,Imran Siddiqui,Female,51,Abu Dhabi,UAE,Regular,2024-01-28,True
C10259,Omar Williams,Female,27,Abu Dhabi,UAE,Regular,2022-12-06,True
C10260,John Iqbal,Female,58,London,UK,Regular,2024-08-09,True
C10261,David Iqbal,Female,68,Toronto,Canada,VIP,2022-02-05,False
C10262,Noor Miller,Female,18,Berlin,Germany,Regular,2024-04-24,False
C10263,David Wilson,Male,19,London,UK,Premium,2021-11-24,True
C10264,Zara Raza,Male,42,Manchester,UK,Premium,2022-05-06,True
C10265,Zara Davis,Female,45,Doha,Qatar,New,2021-03-11,False
C10266,Hina Brown,Male,32,Abu Dhabi,UAE,Regular,2023-03-07,True
C10267,Hina Siddiqui,Female,63,Los Angeles,USA,Premium,2025-01-13,False
C10268,Sara Lewis,Male,60,Vancouver,Canada,Regular,2025-01-02,True
C10269,Tariq Siddiqui,Female,48,Madrid,Spain,Premium,2024-04-23,True
C10270,Emily Siddiqui,Female,57,Paris,France,Premium,2023-03-14,True
C10271,Ayesha Farooq,Male,68,Vancouver,Canada,Regular,2025-04-20,True
C10272,Usman Johnson,Female,36,Los Angeles,USA,Regular,2023-09-16,True
C10273,Mariam Khan,Male,60,London,UK,Regular,2024-02-27,False
C10274,David Wilson,Male,64,Islamabad,Pakistan,Premium,2022-05-21,True
C10275,Hassan Davis,Male,24,Doha,Qatar,VIP,2024-01-28,False
C10276,Noor Siddiqui,Male,66,London,UK,New,2023-01-28,True
C10277,Fatima Davis,Female,64,London,UK,Regular,2022-06-06,True
C10278,Kamran Chaudhry,Female,62,Berlin,Germany,New,2024-07-21,True
C10279,Michael Malik,Male,24,Multan,Pakistan,Regular,2021-10-16,False
C10280,Tariq Johnson,Male,61,Vancouver,Canada,New,2022-12-05,False
C10281,Daniel Williams,Female,20,Faisalabad,Pakistan,Regular,2024-11-11,True
C10282,Sophia Clark,Male,60,Toronto,Canada,New,2025-09-17,True
C10283,Sana Johnson,Female,27,Riyadh,Saudi Arabia,VIP,2024-09-20,True
C10284,Imran Miller,Female,28,Dubai,UAE,Regular,2021-08-11,True
C10285,Sara Wilson,Male,53,Jeddah,Saudi Arabia,Premium,2023-07-27,True
C10286,Kamran Clark,Female,23,Madrid,Spain,New,2021-08-11,True
C10287,Ayesha Brown,Female,20,Lahore,Pakistan,Premium,2024-01-27,True
C10288,John Farooq,Male,59,Vancouver,Canada,Premium,2025-06-12,True
C10289,Omar Anderson,Female,63,Madrid,Spain,Premium,2022-12-15,True
C10290,Ali Smith,Female,58,Riyadh,Saudi Arabia,New,2021-05-18,False
C10291,Daniel Iqbal,Female,26,Karachi,Pakistan,VIP,2021-12-24,False
C10292,Laila Shah,Male,25,Jeddah,Saudi Arabia,New,2021-07-07,False
C10293,Ayesha Williams,Male,58,London,UK,VIP,2022-10-04,False
C10294,Imran Raza,Female,18,Toronto,Canada,Premium,2024-01-18,False
C10295,Ava Wilson,Male,62,New York,USA,Premium,2025-12-27,True
C10296,Emily Lewis,Female,50,Berlin,Germany,New,2021-07-20,True
C10297,Omar Farooq,Female,69,Berlin,Germany,Regular,2023-07-20,False
C10298,Michael Anderson,Male,30,London,UK,Regular,2025-12-10,False
C10299,Imran Anderson,Female,63,Dubai,UAE,Regular,2022-06-18,False
C10300,Emily Williams,Female,45,Toronto,Canada,VIP,2025-09-04,True
C10301,Sara Malik,Male,35,Multan,Pakistan,VIP,2024-03-10,False
C10302,Michael Farooq,Male,66,Karachi,Pakistan,Premium,2022-06-27,False
C10303,Emma Anderson,Male,65,Vancouver,Canada,Premium,2021-07-08,False
C10304,Tariq Williams,Female,53,Berlin,Germany,Regular,2021-12-09,True
C10305,James Butt,Female,66,Madrid,Spain,Premium,2025-12-20,True
C10306,Kamran Iqbal,Male,29,Doha,Qatar,New,2022-12-17,True
C10307,Noor Chaudhry,Female,26,Karachi,Pakistan,Regular,2024-05-01,False
C10308,Sara Raza,Female,56,Multan,Pakistan,Regular,2024-11-20,False
C10309,Amina Johnson,Male,68,Toronto,Canada,Premium,2024-09-08,True
C10310,Olivia Wilson,Male,44,Islamabad,Pakistan,Premium,2025-07-03,False
C10311,Emily Smith,Female,41,Abu Dhabi,UAE,Regular,2022-10-17,False
C10312,Ayesha Johnson,Female,33,Lahore,Pakistan,New,2025-10-20,True
C10313,Tariq Siddiqui,Female,34,London,UK,Premium,2021-05-01,False
C10314,Kamran Miller,Male,36,Los Angeles,USA,New,2025-04-11,True
C10315,David Anderson,Male,58,Dubai,UAE,Regular,2021-11-21,True
C10316,Usman Anderson,Female,59,Faisalabad,Pakistan,VIP,2024-02-24,True
C10317,Michael Smith,Male,23,Madrid,Spain,Regular,2021-03-26,False
C10318,Faisal Butt,Female,44,Islamabad,Pakistan,Regular,2025-11-13,False
C10319,Tariq Siddiqui,Male,59,Lahore,Pakistan,Premium,2023-02-25,True
C10320,Ava Wilson,Male,36,Manchester,UK,VIP,2021-05-20,True
C10321,Tariq Brown,Male,48,Madrid,Spain,Regular,2023-04-05,False
C10322,John Raza,Female,61,Doha,Qatar,New,2025-12-21,False
C10323,Emma Anderson,Male,25,Chicago,USA,Regular,2021-10-20,False
C10324,Ahmed Farooq,Male,65,Chicago,USA,Premium,2025-12-12,True
C10325,Bilal Iqbal,Male,32,Los Angeles,USA,Premium,2024-05-07,True
C10326,Emma Malik,Female,59,Toronto,Canada,Premium,2022-05-22,True
C10327,Usman Clark,Female,39,Faisalabad,Pakistan,Regular,2023-11-21,True
C10328,Laila Ahmed,Male,38,Doha,Qatar,Regular,2021-06-20,False
C10329,Faisal Clark,Female,69,Multan,Pakistan,Regular,2025-07-06,True
C10330,Olivia Butt,Female,35,Riyadh,Saudi Arabia,VIP,2023-03-22,False
C10331,Kamran Johnson,Female,49,Madrid,Spain,Premium,2024-03-21,True
C10332,Daniel Anderson,Male,34,Multan,Pakistan,Premium,2023-11-03,True
C10333,John Khan,Female,67,Los Angeles,USA,Premium,2021-01-18,False
C10334,Sana Raza,Female,43,Chicago,USA,Regular,2025-10-24,False
C10335,Imran Wilson,Male,43,Madrid,Spain,Regular,2022-01-22,True
C10336,David Wilson,Male,46,Dubai,UAE,Regular,2025-10-19,True
C10337,Sara Butt,Female,32,Manchester,UK,Regular,2024-06-08,True
C10338,Ava Johnson,Female,48,Los Angeles,USA,New,2022-01-02,False
C10339,John Chaudhry,Female,55,Los Angeles,USA,Premium,2021-03-13,False
C10340,John Ahmed,Female,42,Toronto,Canada,New,2023-04-17,False
C10341,Sana Miller,Male,50,Manchester,UK,New,2023-08-06,True
C10342,John Chaudhry,Male,27,Los Angeles,USA,Regular,2021-06-20,True
C10343,Olivia Smith,Male,48,Paris,France,Premium,2022-08-07,True
C10344,Mariam Malik,Male,54,Lahore,Pakistan,Premium,2024-03-21,True
C10345,Sara Iqbal,Female,29,Multan,Pakistan,Premium,2025-07-20,True
C10346,Usman Davis,Female,48,Islamabad,Pakistan,Regular,2023-07-20,True
C10347,Laila Wilson,Female,28,Dubai,UAE,Premium,2025-06-15,True
C10348,Tariq Raza,Male,19,Berlin,Germany,Regular,2022-09-22,False
C10349,Ayesha Iqbal,Female,57,Vancouver,Canada,Premium,2022-09-17,True
C10350,Emily Raza,Male,67,New York,USA,Premium,2021-07-17,False
C10351,Michael Wilson,Female,32,Karachi,Pakistan,New,2023-08-26,False
C10352,Olivia Clark,Male,45,Toronto,Canada,Regular,2023-08-25,True
C10353,Laila Anderson,Female,34,Doha,Qatar,Regular,2021-12-24,True
C10354,Ayesha Wilson,Male,42,Los Angeles,USA,Premium,2025-12-26,False
C10355,Ayesha Raza,Female,59,Manchester,UK,Premium,2024-05-28,False
C10356,Laila Chaudhry,Female,66,Manchester,UK,Regular,2025-09-26,False
C10357,Amina Anderson,Female,34,Manchester,UK,New,2022-10-12,False
C10358,Sophia Butt,Female,68,Faisalabad,Pakistan,Premium,2022-03-04,True
C10359,Olivia Smith,Male,28,Berlin,Germany,Regular,2025-11-01,True
C10360,Ava Lewis,Female,23,New York,USA,Regular,2022-04-12,True
C10361,Sophia Brown,Female,57,Karachi,Pakistan,Premium,2025-05-23,True
C10362,Kamran Khan,Male,60,New York,USA,New,2022-09-10,True
C10363,Imran Wilson,Male,57,Vancouver,Canada,Regular,2021-01-12,True
C10364,Ahmed Chaudhry,Female,40,Dubai,UAE,Premium,2021-07-19,True
C10365,Sophia Ahmed,Male,53,Lahore,Pakistan,Regular,2025-09-19,False
C10366,Mariam Lewis,Male,47,Jeddah,Saudi Arabia,New,2023-10-01,False
C10367,Imran Siddiqui,Male,50,Paris,France,Regular,2022-02-26,False
C10368,Hassan Davis,Female,54,Toronto,Canada,Regular,2025-04-25,False
C10369,Daniel Clark,Male,48,Madrid,Spain,Regular,2024-02-13,True
C10370,Noor Johnson,Male,62,London,UK,VIP,2022-04-10,True
C10371,Ahmed Anderson,Male,48,London,UK,Regular,2024-04-19,False
C10372,Sana Shah,Male,65,Abu Dhabi,UAE,Regular,2022-05-07,True
C10373,James Lewis,Female,27,Riyadh,Saudi Arabia,VIP,2022-02-03,False
C10374,David Anderson,Male,48,Lahore,Pakistan,Regular,2025-06-16,False
C10375,David Wilson,Female,43,Dubai,UAE,Regular,2024-10-05,True
C10376,Sana Anderson,Male,50,Paris,France,Regular,2025-11-25,True
C10377,Michael Wilson,Female,38,Faisalabad,Pakistan,Premium,2024-01-22,True
C10378,Ayesha Smith,Female,57,Toronto,Canada,New,2024-03-18,False
C10379,Sana Lewis,Female,41,Jeddah,Saudi Arabia,Regular,2022-07-07,False
C10380,Emma Brown,Female,46,Manchester,UK,Regular,2023-03-19,True
C10381,Olivia Butt,Female,42,Jeddah,Saudi Arabia,Regular,2021-12-05,False
C10382,Noor Miller,Male,58,Dubai,UAE,Premium,2021-12-11,False
C10383,Amina Clark,Male,43,Jeddah,Saudi Arabia,Regular,2023-03-02,True
C10384,James Siddiqui,Female,65,New York,USA,Regular,2023-06-12,False
C10385,Noor Siddiqui,Female,61,Lahore,Pakistan,New,2023-04-19,True
C10386,Omar Wilson,Female,67,Manchester,UK,Premium,2023-02-13,False
C10387,Emma Iqbal,Female,44,Multan,Pakistan,Premium,2024-10-13,True
C10388,Omar Butt,Female,38,Dubai,UAE,Premium,2021-12-09,False
C10389,David Johnson,Female,44,Madrid,Spain,Regular,2023-01-05,True
C10390,Usman Iqbal,Female,24,Islamabad,Pakistan,Regular,2023-08-18,True
C10391,Imran Ahmed,Male,34,Berlin,Germany,Premium,2021-02-21,False
C10392,Mariam Farooq,Female,58,Riyadh,Saudi Arabia,Regular,2023-09-27,True
C10393,Emily Johnson,Female,48,Karachi,Pakistan,Regular,2021-09-09,False
C10394,Hina Clark,Female,58,Chicago,USA,Premium,2022-10-14,False
C10395,Amina Butt,Male,46,New York,USA,Regular,2023-07-09,True
C10396,Ali Wilson,Male,40,Lahore,Pakistan,Regular,2023-09-01,False
C10397,Ali Williams,Female,56,Doha,Qatar,Regular,2024-01-18,False
C10398,Daniel Anderson,Female,43,Paris,France,Regular,2022-12-24,False
C10399,Hassan Ahmed,Female,58,Riyadh,Saudi Arabia,Regular,2024-10-26,False
C10400,Olivia Chaudhry,Female,30,Chicago,USA,New,2023-03-05,False
C10401,Laila Davis,Female,62,Madrid,Spain,Premium,2021-04-11,True
C10402,Amina Khan,Male,24,Karachi,Pakistan,Regular,2022-03-23,False
C10403,Ahmed Raza,Male,49,Riyadh,Saudi Arabia,Regular,2021-07-10,False
C10404,Michael Malik,Female,23,Madrid,Spain,VIP,2023-03-02,False
C10405,Amina Miller,Male,30,Islamabad,Pakistan,New,2024-05-27,False
C10406,David Butt,Female,67,Faisalabad,Pakistan,New,2021-04-24,True
C10407,Sophia Siddiqui,Male,48,Madrid,Spain,Regular,2022-05-11,True
C10408,Imran Siddiqui,Female,48,Chicago,USA,Premium,2021-04-12,True
C10409,Mariam Williams,Female,18,Faisalabad,Pakistan,Regular,2022-05-19,True
C10410,Ali Malik,Female,62,Riyadh,Saudi Arabia,Premium,2024-06-25,True
C10411,Sana Ahmed,Female,66,Dubai,UAE,Premium,2022-01-12,True
C10412,Bilal Miller,Male,38,Faisalabad,Pakistan,New,2025-11-25,False
C10413,Ali Brown,Female,64,Abu Dhabi,UAE,Regular,2024-01-16,False
C10414,Amina Miller,Male,54,Doha,Qatar,Regular,2025-06-11,False
C10415,Ava Anderson,Male,22,Vancouver,Canada,Premium,2023-08-10,False
C10416,Kamran Khan,Female,64,Manchester,UK,Regular,2025-01-20,False
C10417,Omar Ahmed,Female,30,Riyadh,Saudi Arabia,Premium,2025-08-25,True
C10418,Omar Williams,Female,25,Doha,Qatar,Regular,2025-11-03,True
C10419,Emma Malik,Male,24,Dubai,UAE,Regular,2022-02-02,False
C10420,Laila Clark,Female,21,Los Angeles,USA,Regular,2024-10-23,True
C10421,John Miller,Male,47,Abu Dhabi,UAE,VIP,2021-01-12,False
C10422,James Lewis,Female,51,Karachi,Pakistan,Regular,2023-02-27,False
C10423,Imran Siddiqui,Male,64,Abu Dhabi,UAE,Regular,2021-07-07,True
C10424,Faisal Iqbal,Female,65,Riyadh,Saudi Arabia,Regular,2025-11-19,False
C10425,Daniel Siddiqui,Male,68,Paris,France,Regular,2024-07-17,False
C10426,Laila Davis,Female,38,Chicago,USA,Premium,2022-06-28,False
C10427,James Smith,Male,54,Paris,France,Premium,2024-07-25,False
C10428,Kamran Brown,Male,64,Madrid,Spain,Regular,2023-05-20,True
C10429,Daniel Farooq,Male,37,Multan,Pakistan,New,2025-04-28,False
C10430,Ava Anderson,Male,24,Jeddah,Saudi Arabia,Regular,2021-06-05,True
C10431,Daniel Clark,Male,32,Manchester,UK,Regular,2023-05-03,False
C10432,Sophia Ahmed,Female,68,Abu Dhabi,UAE,Regular,2025-08-27,True
C10433,Sara Clark,Female,23,Doha,Qatar,VIP,2025-06-12,False
C10434,Emma Butt,Male,58,Faisalabad,Pakistan,VIP,2024-07-02,False
C10435,Omar Anderson,Male,38,Karachi,Pakistan,Premium,2025-04-05,True
C10436,David Lewis,Male,32,Madrid,Spain,Regular,2024-07-05,True
C10437,Sana Clark,Male,53,Islamabad,Pakistan,Regular,2023-02-13,False
C10438,Sana Anderson,Male,49,Multan,Pakistan,Regular,2022-10-07,True
C10439,Hassan Williams,Female,61,Islamabad,Pakistan,New,2022-02-04,False
C10440,Fatima Shah,Female,40,Manchester,UK,Premium,2024-01-25,False
C10441,Laila Davis,Male,46,Manchester,UK,Regular,2022-04-07,False
C10442,Ayesha Malik,Male,57,Islamabad,Pakistan,New,2022-05-01,False
C10443,Kamran Miller,Male,39,Doha,Qatar,Regular,2021-09-07,True
C10444,David Chaudhry,Female,57,Los Angeles,USA,Premium,2025-03-23,True
C10445,Daniel Wilson,Male,34,Toronto,Canada,Regular,2024-05-07,False
C10446,John Khan,Male,42,Madrid,Spain,Premium,2021-11-28,False
C10447,Zara Brown,Male,42,Lahore,Pakistan,Premium,2021-12-04,False
C10448,Amina Ahmed,Male,30,Vancouver,Canada,Premium,2024-08-18,True
C10449,Ava Wilson,Female,39,Riyadh,Saudi Arabia,Regular,2021-12-06,True
C10450,Fatima Farooq,Male,50,Manchester,UK,Regular,2023-01-21,False
C10451,Amina Chaudhry,Male,27,Lahore,Pakistan,Regular,2024-07-22,True
C10452,Imran Lewis,Male,44,Berlin,Germany,Regular,2021-03-14,False
C10453,Kamran Anderson,Male,31,London,UK,Premium,2025-10-18,True
C10454,Michael Wilson,Male,45,Doha,Qatar,New,2022-03-21,True
C10455,Amina Anderson,Male,29,Islamabad,Pakistan,Regular,2023-03-24,True
C10456,Noor Farooq,Female,65,Paris,France,New,2023-11-24,False
C10457,Ayesha Raza,Male,19,Abu Dhabi,UAE,VIP,2022-10-20,False
C10458,Laila Butt,Male,32,Toronto,Canada,Premium,2025-06-03,False
C10459,Emma Lewis,Female,63,Los Angeles,USA,Premium,2022-03-28,False
C10460,Bilal Iqbal,Male,32,New York,USA,Regular,2024-01-09,False
C10461,David Shah,Male,29,Abu Dhabi,UAE,New,2022-08-28,False
C10462,Daniel Butt,Female,43,Madrid,Spain,VIP,2023-10-24,False
C10463,Laila Clark,Male,51,Berlin,Germany,Regular,2023-08-27,True
C10464,Amina Brown,Male,53,Los Angeles,USA,Regular,2022-11-02,True
C10465,Tariq Farooq,Female,47,Madrid,Spain,Regular,2023-05-20,True
C10466,Kamran Davis,Male,64,Multan,Pakistan,Premium,2025-03-25,True
C10467,Omar Davis,Male,29,Paris,France,Regular,2024-12-07,False
C10468,Omar Iqbal,Male,23,Jeddah,Saudi Arabia,Regular,2021-08-21,False
C10469,Michael Brown,Male,42,Los Angeles,USA,Premium,2021-01-25,True
C10470,Emma Raza,Male,27,Toronto,Canada,Regular,2023-12-02,False
C10471,Sophia Davis,Female,58,Doha,Qatar,Regular,2023-03-07,True
C10472,Ali Davis,Female,49,Jeddah,Saudi Arabia,Premium,2025-01-20,False
C10473,Faisal Miller,Female,44,Abu Dhabi,UAE,Regular,2022-10-20,True
C10474,Hassan Lewis,Male,21,Chicago,USA,Regular,2022-01-21,False
C10475,Emma Malik,Female,39,Multan,Pakistan,New,2021-01-04,False
C10476,Emily Farooq,Male,47,Dubai,UAE,Premium,2022-06-02,True
C10477,Fatima Brown,Male,66,London,UK,Regular,2023-09-03,False
C10478,Ayesha Chaudhry,Female,51,Multan,Pakistan,Regular,2024-04-23,True
C10479,Ayesha Clark,Male,48,Karachi,Pakistan,Premium,2025-10-26,False
C10480,Emma Smith,Female,51,Vancouver,Canada,Premium,2024-10-12,True
C10481,Sana Wilson,Female,49,Toronto,Canada,VIP,2025-10-08,False
C10482,Ayesha Khan,Female,58,Lahore,Pakistan,VIP,2022-12-28,True
C10483,Noor Malik,Female,40,Paris,France,Premium,2025-11-07,True
C10484,Hassan Ahmed,Female,37,Doha,Qatar,Premium,2022-06-25,True
C10485,Omar Brown,Male,29,London,UK,Regular,2021-06-22,False
C10486,John Raza,Female,27,Karachi,Pakistan,Premium,2024-09-11,False
C10487,James Wilson,Female,54,Karachi,Pakistan,Premium,2024-06-18,True
C10488,Emily Smith,Female,22,Toronto,Canada,New,2022-05-27,True
C10489,John Anderson,Male,54,Berlin,Germany,Premium,2023-03-20,True
C10490,Michael Malik,Female,44,London,UK,Regular,2023-04-12,False
C10491,Imran Farooq,Male,25,Abu Dhabi,UAE,Regular,2023-01-25,True
C10492,Imran Khan,Female,50,Madrid,Spain,Regular,2021-06-16,False
C10493,David Siddiqui,Male,31,Multan,Pakistan,Premium,2023-08-13,True
C10494,Ava Malik,Male,39,Doha,Qatar,Regular,2021-01-04,False
C10495,David Farooq,Male,38,Toronto,Canada,Regular,2021-05-09,False
C10496,Hassan Raza,Male,35,Faisalabad,Pakistan,Regular,2024-10-18,True
C10497,Fatima Anderson,Female,35,Chicago,USA,Regular,2022-12-26,False
C10498,Hina Ahmed,Female,57,Riyadh,Saudi Arabia,New,2025-09-15,True
C10499,Sana Malik,Male,42,Lahore,Pakistan,Regular,2022-07-13,True
C10500,John Davis,Female,37,Toronto,Canada,Regular,2025-04-23,True
C10501,Bilal Ahmed,Female,24,Toronto,Canada,Regular,2024-11-21,False
C10502,Mariam Raza,Female,41,Riyadh,Saudi Arabia,Regular,2024-12-22,False
C10503,Sana Khan,Male,48,Madrid,Spain,Regular,2023-08-15,True
C10504,Laila Clark,Male,50,Manchester,UK,Regular,2023-12-26,True
C10505,John Ahmed,Female,52,Chicago,USA,Regular,2023-10-14,True
C10506,Amina Iqbal,Female,42,Riyadh,Saudi Arabia,Regular,2025-04-27,False
C10507,Olivia Smith,Male,29,Toronto,Canada,Premium,2024-02-24,False
C10508,Laila Davis,Female,53,Toronto,Canada,Regular,2021-08-06,False
C10509,Laila Siddiqui,Female,38,Islamabad,Pakistan,Regular,2024-11-02,True
C10510,Daniel Clark,Male,66,Multan,Pakistan,Regular,2022-03-15,False
C10511,Faisal Davis,Male,31,Vancouver,Canada,Premium,2024-06-10,False
C10512,Ahmed Clark,Male,57,Manchester,UK,New,2024-07-28,True
C10513,Fatima Anderson,Male,18,Karachi,Pakistan,Premium,2023-06-04,False
C10514,Noor Clark,Female,58,Riyadh,Saudi Arabia,Regular,2021-07-13,False
C10515,Usman Iqbal,Female,26,Chicago,USA,Regular,2024-07-27,False
C10516,Zara Raza,Male,18,Multan,Pakistan,Regular,2024-01-05,False
C10517,Ahmed Raza,Female,47,Multan,Pakistan,New,2024-12-20,False
C10518,Kamran Wilson,Female,53,Dubai,UAE,VIP,2025-07-12,True
C10519,Laila Khan,Female,64,Paris,France,Regular,2022-09-09,False
C10520,Fatima Malik,Male,54,Toronto,Canada,Regular,2025-06-04,False
C10521,Sophia Wilson,Female,47,Multan,Pakistan,Premium,2021-09-20,True
C10522,John Ahmed,Female,57,New York,USA,Regular,2022-06-18,True
C10523,Imran Miller,Female,44,Madrid,Spain,Regular,2024-05-10,True
C10524,Sophia Farooq,Female,21,Vancouver,Canada,Premium,2021-10-06,True
C10525,Ali Farooq,Female,23,Vancouver,Canada,Regular,2023-02-28,False
C10526,Laila Chaudhry,Female,34,Multan,Pakistan,Regular,2023-02-20,True
C10527,Emily Davis,Female,69,Multan,Pakistan,Regular,2025-12-08,False
C10528,Emma Malik,Female,23,Los Angeles,USA,New,2022-10-27,True
C10529,David Brown,Male,60,Paris,France,Regular,2024-11-06,True
C10530,Sara Chaudhry,Male,21,Manchester,UK,Regular,2025-07-16,False
C10531,Mariam Brown,Female,48,Chicago,USA,Regular,2024-09-28,False
C10532,Ava Davis,Female,61,Doha,Qatar,Regular,2021-09-22,True
C10533,John Johnson,Female,57,Chicago,USA,New,2021-05-11,False
C10534,Hassan Clark,Female,47,Faisalabad,Pakistan,VIP,2023-12-08,True
C10535,Emily Iqbal,Female,53,London,UK,Regular,2025-01-27,True
C10536,Ayesha Wilson,Male,61,Paris,France,Regular,2021-04-24,False
C10537,Sara Khan,Male,21,Abu Dhabi,UAE,New,2023-11-27,True
C10538,Michael Siddiqui,Male,56,Faisalabad,Pakistan,Regular,2025-11-25,True
C10539,Hassan Farooq,Female,60,Dubai,UAE,New,2021-11-15,False
C10540,Hassan Iqbal,Male,35,London,UK,VIP,2024-07-13,False
C10541,James Chaudhry,Male,46,Jeddah,Saudi Arabia,Regular,2021-04-20,False
C10542,Ayesha Raza,Female,31,New York,USA,Premium,2022-02-15,False
C10543,Ahmed Ahmed,Female,67,Karachi,Pakistan,Regular,2021-08-05,True
C10544,Hassan Raza,Female,43,Berlin,Germany,Premium,2021-09-23,False
C10545,Tariq Ahmed,Male,18,Paris,France,Regular,2024-12-27,False
C10546,Amina Johnson,Female,61,Toronto,Canada,Regular,2021-01-21,True
C10547,Emma Smith,Male,47,Chicago,USA,VIP,2023-05-21,True
C10548,Sara Brown,Male,37,Chicago,USA,Premium,2022-02-21,False
C10549,Daniel Davis,Male,26,Islamabad,Pakistan,Regular,2024-01-24,True
C10550,Ahmed Anderson,Female,49,Berlin,Germany,Premium,2024-08-01,True
C10551,Omar Malik,Female,25,Karachi,Pakistan,Regular,2023-11-22,False
C10552,Sophia Clark,Male,22,Multan,Pakistan,Regular,2025-03-16,True
C10553,Sara Butt,Male,18,Vancouver,Canada,Regular,2024-01-10,True
C10554,Hina Clark,Male,70,Vancouver,Canada,VIP,2024-02-16,True
C10555,Noor Smith,Female,38,Abu Dhabi,UAE,Regular,2021-11-19,True
C10556,David Malik,Male,39,Abu Dhabi,UAE,Regular,2023-05-05,False
C10557,Amina Iqbal,Female,33,Manchester,UK,New,2022-01-05,True
C10558,David Iqbal,Male,49,Berlin,Germany,Regular,2025-01-06,True
C10559,Noor Miller,Male,31,Doha,Qatar,Regular,2025-05-17,False
C10560,Hina Lewis,Male,56,Riyadh,Saudi Arabia,Regular,2024-08-20,True
C10561,Noor Khan,Male,30,Manchester,UK,Regular,2023-09-04,False
C10562,Mariam Davis,Male,35,Los Angeles,USA,Regular,2025-02-26,True
C10563,Hina Iqbal,Male,21,New York,USA,Premium,2024-05-07,False
C10564,Laila Davis,Male,24,London,UK,Premium,2023-09-06,True
C10565,Imran Siddiqui,Male,33,New York,USA,Premium,2021-10-19,False
C10566,Sophia Smith,Male,67,Abu Dhabi,UAE,Regular,2024-04-04,True
C10567,Tariq Butt,Male,48,Abu Dhabi,UAE,Premium,2024-01-14,True
C10568,Kamran Iqbal,Female,41,Vancouver,Canada,Regular,2022-12-07,False
C10569,Omar Raza,Male,62,Abu Dhabi,UAE,Premium,2023-05-05,True
C10570,Noor Iqbal,Female,32,Madrid,Spain,New,2024-10-06,True
C10571,Emma Butt,Male,44,Chicago,USA,New,2025-08-28,True
C10572,James Davis,Female,18,New York,USA,Premium,2025-12-28,True
C10573,Noor Clark,Male,55,London,UK,New,2022-10-01,False
C10574,Sana Wilson,Male,45,Karachi,Pakistan,Premium,2021-08-26,True
C10575,Mariam Ahmed,Male,62,New York,USA,Premium,2024-04-05,False
C10576,John Ahmed,Male,48,Riyadh,Saudi Arabia,Premium,2023-03-23,False
C10577,Ali Davis,Female,67,Toronto,Canada,Regular,2025-12-13,True
C10578,Michael Khan,Male,42,Madrid,Spain,New,2023-06-17,True
C10579,David Chaudhry,Male,68,Paris,France,Premium,2023-10-11,True
C10580,Daniel Malik,Male,42,Manchester,UK,Regular,2025-10-02,False
C10581,John Anderson,Male,53,Dubai,UAE,Premium,2023-04-05,False
C10582,Ayesha Miller,Male,66,Chicago,USA,Premium,2022-04-11,False
C10583,Emily Williams,Female,21,Los Angeles,USA,Regular,2023-06-15,False
C10584,James Siddiqui,Female,63,Los Angeles,USA,Premium,2025-09-10,False
C10585,Olivia Ahmed,Male,47,Manchester,UK,Regular,2025-07-06,False
C10586,Hina Chaudhry,Male,62,Faisalabad,Pakistan,Regular,2021-03-28,True
C10587,Zara Williams,Male,48,Lahore,Pakistan,Regular,2025-08-24,True
C10588,Ahmed Khan,Male,51,Abu Dhabi,UAE,Premium,2023-07-19,False
C10589,Faisal Wilson,Female,47,New York,USA,Regular,2023-03-26,False
C10590,Mariam Miller,Female,36,Jeddah,Saudi Arabia,VIP,2022-01-05,False
C10591,Hina Lewis,Male,63,Madrid,Spain,Premium,2023-03-06,True
C10592,Ayesha Malik,Female,54,Riyadh,Saudi Arabia,Regular,2022-05-12,True
C10593,Michael Malik,Female,40,Chicago,USA,Regular,2022-08-18,True
C10594,Ayesha Khan,Female,49,Doha,Qatar,VIP,2025-08-11,True
C10595,Imran Smith,Female,48,Chicago,USA,New,2021-10-22,True
C10596,Omar Siddiqui,Female,20,Madrid,Spain,Regular,2025-09-04,False
C10597,Laila Butt,Female,40,Berlin,Germany,Regular,2021-01-20,True
C10598,Mariam Chaudhry,Male,19,Los Angeles,USA,Regular,2025-08-22,True
C10599,Usman Miller,Female,56,Berlin,Germany,Premium,2025-01-22,False
C10600,Michael Williams,Female,42,Multan,Pakistan,Regular,2024-05-12,False
C10601,Emma Anderson,Male,31,Madrid,Spain,Premium,2023-08-24,False
C10602,Hina Williams,Female,26,Doha,Qatar,VIP,2024-10-03,True
C10603,Sana Wilson,Female,22,Doha,Qatar,New,2022-10-25,False
C10604,Noor Chaudhry,Female,29,Lahore,Pakistan,Premium,2021-12-19,True
C10605,James Brown,Female,53,Dubai,UAE,Regular,2022-05-27,False
C10606,Sophia Davis,Male,19,Chicago,USA,VIP,2024-03-09,False
C10607,John Farooq,Female,29,Faisalabad,Pakistan,Regular,2024-12-21,True
C10608,David Chaudhry,Female,22,Faisalabad,Pakistan,Premium,2021-06-19,False
C10609,Emma Chaudhry,Female,62,Paris,France,VIP,2025-06-17,True
C10610,Faisal Malik,Male,38,Dubai,UAE,Regular,2023-12-05,False
C10611,Hassan Johnson,Female,58,Karachi,Pakistan,New,2022-06-02,False
C10612,John Ahmed,Male,67,Los Angeles,USA,Premium,2023-02-20,True
C10613,Emma Smith,Female,35,London,UK,Premium,2025-12-12,True
C10614,Fatima Raza,Male,26,Toronto,Canada,Premium,2025-06-25,False
C10615,Ava Iqbal,Male,31,London,UK,Regular,2024-04-27,True
C10616,Michael Wilson,Male,44,Vancouver,Canada,Regular,2025-02-04,True
C10617,Fatima Farooq,Female,26,New York,USA,VIP,2021-10-17,False
C10618,Ali Siddiqui,Male,26,Doha,Qatar,New,2022-03-23,True
C10619,Usman Raza,Male,45,Multan,Pakistan,Premium,2023-02-03,True
C10620,Sara Shah,Male,20,Paris,France,VIP,2024-09-19,True
C10621,Ava Chaudhry,Male,22,Faisalabad,Pakistan,Regular,2024-01-25,True
C10622,Usman Clark,Male,29,Vancouver,Canada,Premium,2021-01-03,True
C10623,Fatima Johnson,Male,50,Toronto,Canada,VIP,2023-10-08,True
C10624,David Khan,Male,63,Toronto,Canada,Regular,2021-05-06,True
C10625,Ava Wilson,Female,41,Abu Dhabi,UAE,Premium,2021-03-15,True
C10626,Tariq Williams,Male,50,Manchester,UK,Regular,2022-02-25,False
C10627,Ayesha Wilson,Male,49,Madrid,Spain,VIP,2021-12-10,True
C10628,Sana Siddiqui,Female,36,London,UK,Regular,2021-12-10,False
C10629,Noor Farooq,Female,30,Chicago,USA,New,2022-08-22,False
C10630,Emily Miller,Male,43,Lahore,Pakistan,Regular,2022-11-22,True
C10631,Tariq Brown,Male,65,Multan,Pakistan,New,2021-03-03,False
C10632,Usman Lewis,Female,25,London,UK,Regular,2022-07-24,False
C10633,Faisal Chaudhry,Female,40,Toronto,Canada,Regular,2023-10-13,False
C10634,Bilal Davis,Male,25,Jeddah,Saudi Arabia,Regular,2025-08-08,True
C10635,Sophia Malik,Male,49,Faisalabad,Pakistan,Premium,2021-03-13,False
C10636,Laila Lewis,Male,66,Doha,Qatar,Regular,2022-09-25,False
C10637,Zara Miller,Female,50,Abu Dhabi,UAE,Regular,2024-06-26,True
C10638,Daniel Siddiqui,Female,46,Paris,France,Regular,2021-07-15,False
C10639,Hina Anderson,Female,63,Karachi,Pakistan,Regular,2021-07-05,False
C10640,David Siddiqui,Female,60,New York,USA,Premium,2024-09-19,False
C10641,Emma Iqbal,Male,43,Chicago,USA,Regular,2024-10-13,False
C10642,Sara Khan,Male,26,London,UK,VIP,2023-06-26,True
C10643,Ayesha Williams,Female,40,Berlin,Germany,Regular,2023-01-22,True
C10644,John Farooq,Male,62,Riyadh,Saudi Arabia,Regular,2022-05-04,False
C10645,Amina Smith,Male,47,Lahore,Pakistan,Premium,2022-07-19,False
C10646,Michael Miller,Male,38,Lahore,Pakistan,Regular,2023-07-11,True
C10647,Michael Shah,Female,49,Faisalabad,Pakistan,Premium,2024-11-11,True
C10648,Fatima Williams,Male,49,Doha,Qatar,Premium,2025-02-27,True
C10649,Sara Farooq,Female,69,Jeddah,Saudi Arabia,Regular,2023-12-03,True
C10650,Hassan Ahmed,Female,45,London,UK,Regular,2025-02-21,False
C10651,Noor Anderson,Female,30,Doha,Qatar,Regular,2025-05-20,False
C10652,Daniel Khan,Male,54,Dubai,UAE,Regular,2025-11-27,False
C10653,Olivia Lewis,Female,54,Chicago,USA,Premium,2023-01-17,True
C10654,Bilal Butt,Male,65,Madrid,Spain,Premium,2023-05-28,False
C10655,Emma Ahmed,Male,44,London,UK,Regular,2024-05-21,True
C10656,Mariam Brown,Male,25,Vancouver,Canada,Regular,2023-01-08,False
C10657,Amina Williams,Female,59,New York,USA,New,2024-04-06,False
C10658,Hassan Chaudhry,Male,59,Lahore,Pakistan,New,2022-12-16,True
C10659,Omar Lewis,Female,22,Islamabad,Pakistan,New,2021-07-12,True
C10660,Mariam Siddiqui,Male,51,Multan,Pakistan,Premium,2024-10-25,False
C10661,Mariam Lewis,Male,67,Islamabad,Pakistan,VIP,2024-06-27,False
C10662,Usman Raza,Male,29,Paris,France,Regular,2022-05-15,False
C10663,Sara Miller,Female,62,Toronto,Canada,New,2023-06-18,False
C10664,Hassan Raza,Female,48,Riyadh,Saudi Arabia,Premium,2024-05-01,True
C10665,Hassan Anderson,Female,37,Riyadh,Saudi Arabia,Premium,2021-12-12,True
C10666,Emma Davis,Female,18,Riyadh,Saudi Arabia,New,2025-07-09,False
C10667,Zara Shah,Male,46,Riyadh,Saudi Arabia,Premium,2021-11-14,True
C10668,James Miller,Female,65,Islamabad,Pakistan,Regular,2023-06-23,False
C10669,Michael Chaudhry,Male,40,Dubai,UAE,Regular,2021-12-27,False
C10670,David Malik,Male,58,Lahore,Pakistan,Regular,2024-11-05,True
C10671,John Farooq,Female,54,Abu Dhabi,UAE,Regular,2024-03-08,True
C10672,Olivia Smith,Female,48,Paris,France,New,2025-03-09,True
C10673,Olivia Farooq,Male,23,London,UK,Regular,2025-03-13,False
C10674,Ali Khan,Male,23,Riyadh,Saudi Arabia,New,2025-04-09,True
C10675,Laila Williams,Female,27,Berlin,Germany,Regular,2021-06-06,True
C10676,Noor Davis,Female,25,Los Angeles,USA,Regular,2021-04-07,False
C10677,Tariq Raza,Female,31,New York,USA,Premium,2023-05-24,True
C10678,Noor Raza,Male,36,Dubai,UAE,New,2024-04-20,False
C10679,Faisal Davis,Male,18,Manchester,UK,Regular,2022-06-23,False
C10680,Michael Williams,Female,22,Berlin,Germany,Regular,2022-01-02,False
C10681,Ava Johnson,Male,18,New York,USA,Regular,2022-10-13,False
C10682,Bilal Anderson,Male,55,Manchester,UK,Regular,2024-03-17,False
C10683,Bilal Ahmed,Female,63,Madrid,Spain,Premium,2023-03-09,True
C10684,Bilal Miller,Female,65,Karachi,Pakistan,Regular,2023-07-10,False
C10685,Imran Smith,Female,28,Jeddah,Saudi Arabia,Regular,2025-08-25,True
C10686,Sara Shah,Male,21,Madrid,Spain,Regular,2025-01-16,False
C10687,Noor Siddiqui,Female,20,Madrid,Spain,Regular,2022-12-18,False
C10688,Ayesha Raza,Male,40,New York,USA,Regular,2024-05-06,True
C10689,Faisal Clark,Male,55,Jeddah,Saudi Arabia,New,2025-01-17,True
C10690,Mariam Miller,Male,39,Islamabad,Pakistan,Regular,2024-11-22,True
C10691,Faisal Siddiqui,Female,27,Manchester,UK,Regular,2024-08-27,False
C10692,Laila Khan,Female,20,Jeddah,Saudi Arabia,Premium,2024-08-11,True
C10693,Olivia Farooq,Female,69,Karachi,Pakistan,Regular,2022-02-18,False
C10694,Hassan Iqbal,Male,67,Berlin,Germany,New,2021-02-01,True
C10695,David Brown,Female,59,Berlin,Germany,VIP,2022-11-05,True
C10696,Olivia Williams,Female,61,New York,USA,Premium,2023-06-22,True
C10697,Usman Miller,Female,42,Los Angeles,USA,Regular,2023-10-20,False
C10698,Olivia Johnson,Male,45,Paris,France,Premium,2021-02-02,False
C10699,John Raza,Female,51,Riyadh,Saudi Arabia,Premium,2024-09-03,False
C10700,Ahmed Miller,Female,27,Paris,France,New,2024-11-10,True
C10701,Zara Clark,Male,53,Paris,France,Regular,2025-01-17,True
C10702,Noor Siddiqui,Female,60,Paris,France,Premium,2025-05-12,False
C10703,David Wilson,Male,25,Islamabad,Pakistan,Premium,2025-08-06,True
C10704,Ahmed Williams,Female,38,Karachi,Pakistan,Premium,2024-08-25,False
C10705,Omar Iqbal,Male,29,Jeddah,Saudi Arabia,Regular,2025-10-09,True
C10706,Ali Khan,Female,25,Chicago,USA,Regular,2024-11-16,False
C10707,Sophia Miller,Female,57,Vancouver,Canada,VIP,2024-10-12,False
C10708,Bilal Raza,Male,30,Islamabad,Pakistan,Regular,2023-01-23,True
C10709,Sana Raza,Male,45,Abu Dhabi,UAE,VIP,2021-09-07,True
C10710,Bilal Miller,Female,19,Madrid,Spain,Regular,2023-03-24,False
C10711,Ali Davis,Male,30,New York,USA,Regular,2024-07-02,False
C10712,John Williams,Female,49,Faisalabad,Pakistan,Premium,2021-10-24,False
C10713,Tariq Miller,Female,32,New York,USA,Premium,2021-09-01,False
C10714,Amina Ahmed,Female,59,London,UK,Regular,2025-08-04,False
C10715,Kamran Williams,Male,28,Manchester,UK,Regular,2025-04-16,False
C10716,Imran Butt,Female,56,Riyadh,Saudi Arabia,New,2024-12-22,False
C10717,Sophia Brown,Female,61,Doha,Qatar,Premium,2022-06-26,False
C10718,Usman Farooq,Male,60,Vancouver,Canada,Regular,2022-03-07,True
C10719,Ayesha Williams,Female,37,New York,USA,Regular,2025-09-02,True
C10720,Fatima Iqbal,Male,70,Jeddah,Saudi Arabia,New,2023-09-02,True
C10721,Ayesha Lewis,Male,25,Paris,France,Premium,2023-08-09,False
C10722,David Anderson,Female,27,Karachi,Pakistan,New,2023-09-20,True
C10723,Olivia Davis,Male,24,Madrid,Spain,VIP,2021-10-26,True
C10724,Imran Siddiqui,Male,58,Karachi,Pakistan,Regular,2025-04-12,True
C10725,David Wilson,Female,64,Madrid,Spain,New,2023-03-21,False
C10726,Ayesha Shah,Female,44,Multan,Pakistan,VIP,2023-01-08,False
C10727,Imran Iqbal,Male,35,Doha,Qatar,Regular,2023-07-12,True
C10728,Noor Butt,Male,69,Los Angeles,USA,Regular,2022-07-15,False
C10729,Bilal Khan,Male,23,Madrid,Spain,Regular,2021-07-25,True
C10730,Tariq Malik,Male,54,Karachi,Pakistan,Regular,2024-11-23,False
C10731,Daniel Anderson,Female,64,Berlin,Germany,Premium,2024-06-01,False
C10732,Ava Raza,Female,46,Vancouver,Canada,Premium,2025-09-20,False
C10733,David Shah,Female,23,Berlin,Germany,Regular,2023-06-13,True
C10734,Zara Shah,Male,50,Chicago,USA,Premium,2025-09-11,True
C10735,Daniel Anderson,Female,33,Lahore,Pakistan,VIP,2021-05-24,False
C10736,Sophia Malik,Female,34,Faisalabad,Pakistan,Premium,2025-06-04,True
C10737,Zara Clark,Male,47,Madrid,Spain,Regular,2021-04-26,True
C10738,Zara Clark,Male,63,Doha,Qatar,Regular,2023-12-08,True
C10739,Faisal Shah,Female,47,Los Angeles,USA,Regular,2023-12-14,False
C10740,Sara Williams,Male,48,Islamabad,Pakistan,Regular,2021-02-12,False
C10741,Imran Brown,Female,55,Chicago,USA,Regular,2025-07-15,False
C10742,Bilal Wilson,Male,49,Dubai,UAE,Premium,2024-03-23,True
C10743,Sana Malik,Male,53,Madrid,Spain,Regular,2022-02-20,False
C10744,Fatima Clark,Female,20,Faisalabad,Pakistan,Premium,2021-02-12,False
C10745,Zara Miller,Male,68,Doha,Qatar,Regular,2023-10-14,True
C10746,Usman Iqbal,Female,18,Doha,Qatar,Regular,2023-06-03,True
C10747,Faisal Farooq,Female,39,New York,USA,VIP,2024-08-27,True
C10748,John Davis,Female,60,Los Angeles,USA,Regular,2022-12-11,True
C10749,Noor Brown,Male,43,Vancouver,Canada,Regular,2025-01-22,False
C10750,Emma Iqbal,Male,54,Islamabad,Pakistan,Premium,2023-12-10,True
C10751,Usman Lewis,Male,54,Islamabad,Pakistan,Premium,2025-08-17,True
C10752,Hina Khan,Female,68,Chicago,USA,Regular,2021-12-27,False
C10753,Laila Smith,Female,55,Chicago,USA,Regular,2021-01-11,False
C10754,Ali Wilson,Female,42,Paris,France,Regular,2022-02-04,True
C10755,Hina Chaudhry,Male,27,Multan,Pakistan,Regular,2023-07-22,True
C10756,Omar Iqbal,Male,63,Vancouver,Canada,Regular,2021-07-04,False
C10757,Daniel Smith,Female,42,Paris,France,New,2022-02-02,True
C10758,Faisal Butt,Female,50,Vancouver,Canada,VIP,2022-07-04,False
C10759,Kamran Anderson,Female,22,London,UK,Regular,2021-07-21,True
C10760,Amina Clark,Male,33,Jeddah,Saudi Arabia,VIP,2021-11-26,True
C10761,Noor Davis,Male,58,Toronto,Canada,Premium,2023-03-12,True
C10762,Noor Anderson,Female,20,Chicago,USA,Regular,2022-08-27,False
C10763,Sara Miller,Female,56,Lahore,Pakistan,Regular,2022-11-13,False
C10764,James Wilson,Female,20,Toronto,Canada,Regular,2022-09-19,True
C10765,Tariq Siddiqui,Male,64,Islamabad,Pakistan,Premium,2023-05-14,True
C10766,Olivia Smith,Female,58,Los Angeles,USA,Regular,2025-12-15,False
C10767,Omar Shah,Female,56,London,UK,Regular,2022-12-05,True
C10768,Ali Khan,Male,44,New York,USA,Premium,2025-12-23,False
C10769,Ahmed Ahmed,Male,70,Chicago,USA,Premium,2024-11-04,False
C10770,Fatima Brown,Male,67,Vancouver,Canada,VIP,2024-01-04,False
C10771,Kamran Khan,Male,65,Abu Dhabi,UAE,Regular,2023-05-22,False
C10772,James Lewis,Female,69,Islamabad,Pakistan,Premium,2022-04-16,False
C10773,Sana Lewis,Male,18,Jeddah,Saudi Arabia,Regular,2021-11-13,True
C10774,Imran Miller,Male,53,Toronto,Canada,Regular,2023-12-19,True
C10775,Bilal Ahmed,Male,34,Toronto,Canada,New,2021-04-17,False
C10776,Michael Anderson,Female,61,Lahore,Pakistan,Premium,2022-08-01,False
C10777,Noor Williams,Female,25,London,UK,Premium,2021-08-16,False
C10778,Daniel Butt,Male,35,Karachi,Pakistan,New,2025-09-15,False
C10779,Usman Smith,Male,54,Berlin,Germany,VIP,2021-12-08,False
C10780,Usman Iqbal,Female,37,Riyadh,Saudi Arabia,Regular,2021-11-04,True
C10781,Olivia Khan,Female,34,Paris,France,Regular,2024-08-08,False
C10782,Imran Butt,Male,67,London,UK,Premium,2021-08-25,True
C10783,Ayesha Ahmed,Male,20,Toronto,Canada,Regular,2024-12-03,True
C10784,Sara Farooq,Female,22,Madrid,Spain,Regular,2021-01-18,True
C10785,Tariq Siddiqui,Female,32,Berlin,Germany,New,2023-11-20,True
C10786,Kamran Williams,Male,39,Berlin,Germany,Premium,2024-11-26,True
C10787,Omar Clark,Male,24,Los Angeles,USA,Regular,2024-10-23,True
C10788,Daniel Clark,Male,58,Abu Dhabi,UAE,Premium,2025-06-14,False
C10789,Hina Butt,Male,69,Madrid,Spain,Regular,2025-03-10,False
C10790,Zara Clark,Male,27,Manchester,UK,Regular,2025-10-11,False
C10791,Imran Clark,Male,21,Lahore,Pakistan,Regular,2023-09-28,True
C10792,Usman Shah,Male,68,Manchester,UK,Regular,2024-04-22,False
C10793,Michael Smith,Female,57,Vancouver,Canada,Regular,2024-06-06,True
C10794,Sana Butt,Male,58,Karachi,Pakistan,Regular,2024-04-15,True
C10795,Sophia Smith,Female,31,New York,USA,Regular,2022-01-12,True
C10796,Ali Anderson,Male,27,Manchester,UK,Regular,2021-04-21,False
C10797,Usman Shah,Female,29,Lahore,Pakistan,Regular,2021-05-24,True
C10798,Mariam Iqbal,Male,19,Chicago,USA,Regular,2023-05-04,True
C10799,John Siddiqui,Female,31,Berlin,Germany,Regular,2022-04-12,False
C10800,Olivia Lewis,Female,63,Los Angeles,USA,Regular,2022-03-05,True
C10801,Tariq Johnson,Female,56,Chicago,USA,Regular,2022-11-08,True
C10802,Usman Anderson,Female,68,Toronto,Canada,Regular,2025-04-02,False
C10803,Faisal Miller,Male,64,Los Angeles,USA,Regular,2022-08-26,True
C10804,Tariq Wilson,Female,49,Los Angeles,USA,Premium,2022-03-11,False
C10805,Michael Miller,Female,35,New York,USA,Premium,2025-11-26,True
C10806,Daniel Shah,Female,33,Riyadh,Saudi Arabia,Regular,2022-05-14,False
C10807,Ava Johnson,Female,53,Dubai,UAE,Regular,2025-02-10,False
C10808,Mariam Clark,Male,47,Manchester,UK,Premium,2025-06-14,False
C10809,Noor Johnson,Female,38,Paris,France,Regular,2024-01-06,False
C10810,John Ahmed,Female,23,Jeddah,Saudi Arabia,Regular,2022-09-17,True
C10811,Ayesha Siddiqui,Male,41,Riyadh,Saudi Arabia,Regular,2023-04-11,True
C10812,Zara Chaudhry,Male,63,Jeddah,Saudi Arabia,Premium,2023-03-28,False
C10813,Zara Johnson,Female,43,Doha,Qatar,VIP,2021-11-01,False
C10814,Emma Brown,Male,32,Multan,Pakistan,Premium,2025-04-16,True
C10815,Olivia Anderson,Female,64,Toronto,Canada,VIP,2025-06-26,True
C10816,Noor Williams,Male,46,Abu Dhabi,UAE,Regular,2023-09-01,False
C10817,Emma Raza,Female,65,Toronto,Canada,Regular,2022-11-27,False
C10818,Noor Williams,Female,66,Riyadh,Saudi Arabia,VIP,2023-09-10,False
C10819,Faisal Malik,Male,27,Lahore,Pakistan,New,2025-06-19,False
C10820,Tariq Ahmed,Female,30,Abu Dhabi,UAE,Regular,2024-06-19,False
C10821,Hina Siddiqui,Male,20,Islamabad,Pakistan,VIP,2023-10-16,True
C10822,Ahmed Brown,Female,31,Abu Dhabi,UAE,Regular,2022-11-17,True
C10823,Fatima Wilson,Male,28,Karachi,Pakistan,Regular,2024-07-13,True
C10824,Amina Williams,Female,65,Multan,Pakistan,Regular,2021-04-05,True
C10825,James Miller,Male,56,Paris,France,Premium,2023-05-19,True
C10826,Hassan Shah,Male,27,Madrid,Spain,Regular,2025-07-20,True
C10827,Ava Clark,Female,47,London,UK,Regular,2025-01-24,True
C10828,Fatima Farooq,Female,57,Madrid,Spain,VIP,2023-03-14,True
C10829,Sophia Williams,Female,42,Vancouver,Canada,New,2022-03-23,True
C10830,Mariam Iqbal,Female,58,Karachi,Pakistan,Premium,2024-11-03,True
C10831,David Anderson,Male,41,Paris,France,Regular,2024-02-17,False
C10832,Hina Chaudhry,Male,50,Madrid,Spain,Regular,2024-01-03,False
C10833,Sophia Brown,Male,43,London,UK,Regular,2024-05-04,True
C10834,Sana Davis,Male,23,Madrid,Spain,Premium,2023-04-23,False
C10835,James Chaudhry,Male,28,New York,USA,VIP,2022-10-04,True
C10836,Amina Brown,Male,22,Faisalabad,Pakistan,Premium,2023-01-22,False
C10837,Fatima Iqbal,Male,63,Madrid,Spain,Regular,2022-11-18,True
C10838,James Wilson,Male,42,Karachi,Pakistan,Premium,2024-08-02,True
C10839,David Shah,Male,41,Berlin,Germany,New,2021-04-03,True
C10840,Ali Smith,Male,61,Lahore,Pakistan,Premium,2024-04-04,True
C10841,Noor Wilson,Male,70,Karachi,Pakistan,Regular,2022-09-21,True
C10842,Ava Anderson,Female,45,Abu Dhabi,UAE,Regular,2025-04-04,False
C10843,Ali Brown,Female,18,Dubai,UAE,Regular,2023-08-08,True
C10844,Fatima Malik,Male,31,Vancouver,Canada,Regular,2023-10-16,True
C10845,Hina Chaudhry,Male,56,Toronto,Canada,Regular,2025-11-23,False
C10846,Hina Smith,Female,22,London,UK,Regular,2022-10-19,False
C10847,John Butt,Male,32,Los Angeles,USA,Regular,2024-02-10,True
C10848,Laila Ahmed,Male,26,Riyadh,Saudi Arabia,Regular,2024-05-07,True
C10849,John Malik,Male,64,Abu Dhabi,UAE,Premium,2024-08-24,False
C10850,Omar Malik,Female,59,Jeddah,Saudi Arabia,VIP,2022-01-08,False
C10851,Usman Anderson,Male,60,Riyadh,Saudi Arabia,New,2023-11-23,True
C10852,Imran Smith,Male,46,Berlin,Germany,Premium,2025-02-28,False
C10853,Sara Raza,Male,26,Abu Dhabi,UAE,Regular,2021-10-18,True
C10854,Ahmed Williams,Female,37,Los Angeles,USA,Regular,2022-04-08,False
C10855,Mariam Farooq,Female,54,Vancouver,Canada,Regular,2022-11-07,False
C10856,Fatima Brown,Female,28,Islamabad,Pakistan,Regular,2024-07-17,False
C10857,Ali Brown,Female,23,New York,USA,VIP,2022-05-20,True
C10858,Hassan Brown,Female,37,Dubai,UAE,Regular,2025-07-18,False
C10859,Bilal Miller,Male,27,London,UK,New,2021-01-01,False
C10860,Ava Williams,Female,65,Berlin,Germany,Regular,2024-08-10,True
C10861,Ava Siddiqui,Female,54,Karachi,Pakistan,Regular,2024-07-09,False
C10862,John Johnson,Male,59,New York,USA,Regular,2025-07-24,True
C10863,Sara Johnson,Male,62,New York,USA,Premium,2022-03-09,False
C10864,Mariam Lewis,Male,18,Jeddah,Saudi Arabia,Regular,2022-02-21,False
C10865,Daniel Ahmed,Male,45,Toronto,Canada,Regular,2024-07-09,False
C10866,Emily Brown,Female,64,Chicago,USA,Regular,2025-12-28,True
C10867,David Johnson,Male,35,Toronto,Canada,Premium,2021-12-13,False
C10868,James Miller,Male,24,Dubai,UAE,Regular,2021-12-14,False
C10869,Hina Iqbal,Female,29,Paris,France,Premium,2023-04-16,True
C10870,Kamran Clark,Male,29,Faisalabad,Pakistan,Regular,2025-12-06,True
C10871,Kamran Lewis,Male,58,Paris,France,Regular,2023-05-03,False
C10872,Ahmed Smith,Male,55,Jeddah,Saudi Arabia,Regular,2021-08-22,True
C10873,Hassan Khan,Male,24,Karachi,Pakistan,Regular,2021-01-13,False
C10874,David Smith,Female,39,New York,USA,Regular,2024-06-11,True
C10875,Tariq Lewis,Male,40,Berlin,Germany,New,2023-02-01,False
C10876,Ali Lewis,Male,51,Multan,Pakistan,Regular,2024-12-25,True
C10877,Laila Miller,Female,60,Madrid,Spain,Regular,2023-11-27,False
C10878,Emma Malik,Female,61,Manchester,UK,Regular,2021-10-16,False
C10879,Fatima Williams,Female,60,Islamabad,Pakistan,New,2025-02-24,False
C10880,Usman Raza,Male,26,Vancouver,Canada,Regular,2023-02-10,False
C10881,Ayesha Miller,Male,33,Madrid,Spain,Regular,2022-11-23,True
C10882,Michael Khan,Male,38,Paris,France,New,2021-05-08,False
C10883,Emily Raza,Female,23,Faisalabad,Pakistan,VIP,2024-06-28,True
C10884,Ahmed Smith,Female,63,Vancouver,Canada,Premium,2025-12-13,False
C10885,Hassan Siddiqui,Female,23,Riyadh,Saudi Arabia,Regular,2022-06-24,True
C10886,Fatima Raza,Female,42,Toronto,Canada,Premium,2021-01-10,True
C10887,Usman Brown,Female,38,Chicago,USA,VIP,2025-11-26,True
C10888,Faisal Butt,Male,43,Vancouver,Canada,Regular,2025-08-11,True
C10889,Sana Davis,Male,56,Riyadh,Saudi Arabia,Regular,2023-12-22,True
C10890,Zara Wilson,Male,35,London,UK,New,2025-12-19,False
C10891,Zara Brown,Male,69,New York,USA,Regular,2022-12-07,True
C10892,Emma Miller,Female,37,Dubai,UAE,New,2021-11-28,True
C10893,Tariq Smith,Female,61,Chicago,USA,Regular,2021-06-25,False
C10894,Imran Farooq,Female,62,Islamabad,Pakistan,New,2024-12-28,False
C10895,Omar Clark,Male,63,Multan,Pakistan,Regular,2021-11-06,True
C10896,Zara Raza,Male,31,New York,USA,VIP,2024-04-24,True
C10897,Ayesha Raza,Female,45,Toronto,Canada,Premium,2023-03-02,True
C10898,Hina Malik,Male,50,New York,USA,Premium,2023-10-14,True
C10899,Sara Siddiqui,Male,43,Riyadh,Saudi Arabia,Regular,2024-12-20,True
C10900,David Davis,Female,35,Islamabad,Pakistan,Premium,2024-08-12,True
C10901,Ahmed Siddiqui,Female,59,Faisalabad,Pakistan,Premium,2021-09-08,True
C10902,Faisal Miller,Female,62,Toronto,Canada,Premium,2025-10-06,False
C10903,Zara Clark,Male,24,Paris,France,Regular,2024-12-28,True
C10904,Tariq Anderson,Female,22,Lahore,Pakistan,Premium,2024-10-18,True
C10905,Hina Lewis,Male,18,Faisalabad,Pakistan,Premium,2022-06-04,True
C10906,Usman Iqbal,Male,53,Toronto,Canada,Regular,2022-01-03,True
C10907,Fatima Anderson,Male,45,Doha,Qatar,New,2025-11-01,True
C10908,Imran Farooq,Female,26,Karachi,Pakistan,Premium,2023-12-11,False
C10909,Imran Shah,Male,60,Chicago,USA,VIP,2025-04-02,True
C10910,Emma Shah,Male,56,Doha,Qatar,Premium,2022-10-12,False
C10911,Noor Ahmed,Female,34,Vancouver,Canada,Regular,2022-03-13,False
C10912,Emily Williams,Male,52,Jeddah,Saudi Arabia,Regular,2021-11-24,False
C10913,Faisal Wilson,Male,44,Manchester,UK,VIP,2022-06-26,False
C10914,Laila Butt,Male,35,Lahore,Pakistan,Regular,2024-02-22,False
C10915,John Ahmed,Female,39,London,UK,VIP,2021-03-28,True
C10916,Ayesha Brown,Male,42,Lahore,Pakistan,New,2023-02-06,False
C10917,Ayesha Wilson,Female,62,New York,USA,Premium,2025-05-18,False
C10918,Daniel Malik,Male,38,Faisalabad,Pakistan,New,2025-07-06,False
C10919,Laila Brown,Female,55,Chicago,USA,Regular,2025-01-22,True
C10920,Tariq Clark,Female,21,Multan,Pakistan,New,2022-11-12,True
C10921,Michael Davis,Male,46,Paris,France,New,2025-08-17,False
C10922,Imran Butt,Female,58,Paris,France,New,2023-05-14,False
C10923,Ahmed Butt,Male,28,Islamabad,Pakistan,Premium,2021-02-24,False
C10924,Olivia Khan,Female,61,New York,USA,Premium,2025-12-05,False
C10925,Emily Anderson,Male,43,Los Angeles,USA,Regular,2024-04-27,True
C10926,Sophia Johnson,Male,65,Chicago,USA,Premium,2024-09-22,True
C10927,Hina Wilson,Male,29,Madrid,Spain,Regular,2025-03-17,False
C10928,Sana Brown,Male,41,Paris,France,New,2021-06-22,True
C10929,Zara Farooq,Female,36,Faisalabad,Pakistan,Regular,2025-01-24,False
C10930,Ava Wilson,Male,47,Doha,Qatar,New,2022-08-02,False
C10931,Kamran Smith,Female,40,Vancouver,Canada,Regular,2021-06-24,True
C10932,Ali Siddiqui,Female,49,Manchester,UK,Regular,2024-09-17,True
C10933,Ava Miller,Male,27,Faisalabad,Pakistan,VIP,2024-05-08,False
C10934,Zara Johnson,Female,29,Manchester,UK,Premium,2024-05-04,False
C10935,Bilal Johnson,Female,18,Dubai,UAE,Regular,2024-12-07,True
C10936,Sara Raza,Female,44,Doha,Qatar,Premium,2022-01-06,True
C10937,Ayesha Williams,Female,53,Jeddah,Saudi Arabia,Regular,2024-11-23,True
C10938,Imran Brown,Male,25,Berlin,Germany,New,2023-01-05,True
C10939,Ali Butt,Male,61,Los Angeles,USA,VIP,2023-07-20,True
C10940,Zara Farooq,Female,23,New York,USA,VIP,2024-04-20,True
C10941,Mariam Chaudhry,Male,34,Dubai,UAE,New,2025-04-22,False
C10942,Michael Siddiqui,Male,30,New York,USA,New,2022-10-21,True
C10943,Bilal Brown,Male,35,Faisalabad,Pakistan,New,2022-03-14,True
C10944,Ahmed Malik,Female,44,Abu Dhabi,UAE,Premium,2025-12-21,True
C10945,Noor Miller,Male,50,London,UK,Regular,2022-01-10,True
C10946,Hassan Johnson,Female,33,Manchester,UK,Regular,2023-01-06,True
C10947,Emily Smith,Male,36,Karachi,Pakistan,Regular,2021-10-04,False
C10948,Sana Johnson,Female,37,Jeddah,Saudi Arabia,Regular,2022-11-01,True
C10949,Sophia Johnson,Female,33,Manchester,UK,Premium,2023-04-19,False
C10950,Bilal Lewis,Male,20,Faisalabad,Pakistan,Premium,2021-11-27,True
C10951,Ava Siddiqui,Male,52,Madrid,Spain,Premium,2022-05-24,False
C10952,Sophia Raza,Male,26,Chicago,USA,Regular,2022-09-23,False
C10953,Daniel Johnson,Female,58,Manchester,UK,Premium,2025-07-03,False
C10954,Ava Wilson,Male,28,Los Angeles,USA,Premium,2024-12-05,False
C10955,Sara Shah,Female,49,Toronto,Canada,Premium,2021-09-03,True
C10956,Tariq Anderson,Female,43,Los Angeles,USA,Premium,2024-04-06,True
C10957,Usman Clark,Male,68,Toronto,Canada,Premium,2022-09-23,False
C10958,Zara Chaudhry,Male,28,Riyadh,Saudi Arabia,Regular,2023-09-08,False
C10959,Daniel Chaudhry,Male,35,Multan,Pakistan,New,2021-01-21,True
C10960,Ayesha Khan,Female,58,Chicago,USA,Premium,2022-06-11,True
C10961,Sophia Raza,Female,57,Jeddah,Saudi Arabia,Regular,2025-01-21,True
C10962,Sophia Chaudhry,Male,34,Riyadh,Saudi Arabia,New,2023-09-22,True
C10963,Emma Lewis,Male,70,Jeddah,Saudi Arabia,Regular,2024-06-09,True
C10964,Bilal Davis,Male,64,Berlin,Germany,Premium,2025-06-05,False
C10965,Hina Davis,Male,70,New York,USA,New,2021-04-19,False
C10966,Ali Farooq,Male,29,Doha,Qatar,VIP,2022-11-20,True
C10967,Ahmed Williams,Male,47,Multan,Pakistan,New,2021-07-04,True
C10968,Ayesha Brown,Female,19,Vancouver,Canada,Regular,2021-01-25,True
C10969,David Ahmed,Female,27,Riyadh,Saudi Arabia,New,2022-10-01,True
C10970,Sophia Smith,Male,30,Chicago,USA,Regular,2021-10-15,True
C10971,Sana Raza,Male,21,London,UK,Premium,2023-05-21,True
C10972,Ayesha Anderson,Female,24,Karachi,Pakistan,Premium,2021-07-05,True
C10973,Mariam Williams,Female,27,Lahore,Pakistan,Regular,2022-05-08,False
C10974,Hina Siddiqui,Male,24,New York,USA,New,2021-05-12,True
C10975,Ayesha Johnson,Male,20,London,UK,Premium,2025-03-14,False
C10976,Emily Williams,Male,60,Dubai,UAE,Premium,2025-10-27,False
C10977,Hassan Miller,Female,34,Faisalabad,Pakistan,VIP,2023-12-26,True
C10978,David Raza,Female,27,Multan,Pakistan,Regular,2021-12-26,False
C10979,Faisal Williams,Female,27,Faisalabad,Pakistan,Regular,2021-03-06,False
C10980,Sana Williams,Female,62,London,UK,New,2023-10-26,False
C10981,Tariq Williams,Female,52,Riyadh,Saudi Arabia,Premium,2022-09-18,True
C10982,Faisal Williams,Male,62,Islamabad,Pakistan,Regular,2024-06-01,True
C10983,Amina Miller,Male,25,Manchester,UK,Regular,2021-06-12,True
C10984,Bilal Anderson,Female,33,Madrid,Spain,Regular,2023-04-02,True
C10985,Tariq Khan,Female,41,Multan,Pakistan,Regular,2021-02-22,True
C10986,Emma Iqbal,Male,27,Vancouver,Canada,Regular,2024-02-08,True
C10987,James Williams,Male,66,Toronto,Canada,Regular,2021-12-05,False
C10988,Sophia Smith,Female,68,Paris,France,Premium,2024-01-10,True
C10989,Daniel Malik,Male,50,Karachi,Pakistan,Regular,2022-07-27,False
C10990,Michael Chaudhry,Female,63,Chicago,USA,Regular,2024-03-09,True
C10991,Bilal Shah,Female,57,Berlin,Germany,Regular,2025-07-06,True
C10992,Omar Brown,Female,28,New York,USA,Regular,2024-06-21,False
C10993,Ayesha Siddiqui,Male,41,Jeddah,Saudi Arabia,Premium,2022-06-01,True
C10994,Amina Siddiqui,Male,31,Dubai,UAE,Premium,2023-05-07,True
C10995,Hassan Ahmed,Male,54,Riyadh,Saudi Arabia,New,2021-08-02,True
C10996,Zara Khan,Female,66,Islamabad,Pakistan,Regular,2023-07-17,True
C10997,Sophia Johnson,Male,62,Berlin,Germany,Premium,2023-06-14,True
C10998,Ali Clark,Female,48,Multan,Pakistan,Premium,2025-01-10,True
C10999,Ahmed Ahmed,Male,31,Madrid,Spain,VIP,2022-11-05,True
C11000,Sophia Lewis,Female,46,Los Angeles,USA,VIP,2025-06-10,False
C11001,Sara Brown,Male,31,Paris,France,New,2025-10-03,True
C11002,Ayesha Khan,Male,67,New York,USA,New,2025-09-28,True
C11003,Kamran Smith,Male,36,Faisalabad,Pakistan,Regular,2024-05-19,False
C11004,Ahmed Iqbal,Female,34,Islamabad,Pakistan,New,2023-05-25,False
C11005,Faisal Miller,Male,41,Faisalabad,Pakistan,New,2022-07-14,True
C11006,Imran Lewis,Female,41,Manchester,UK,Regular,2024-07-17,False
C11007,Laila Malik,Male,62,Karachi,Pakistan,VIP,2023-01-05,True
C11008,Hina Clark,Female,22,Berlin,Germany,Regular,2023-08-22,True
C11009,Kamran Anderson,Female,24,Madrid,Spain,Regular,2023-12-04,False
C11010,Tariq Smith,Male,38,Abu Dhabi,UAE,Regular,2024-10-16,True
C11011,Hassan Davis,Male,52,Faisalabad,Pakistan,Regular,2024-08-05,True
C11012,Sara Lewis,Female,21,Toronto,Canada,New,2023-06-26,False
C11013,Sara Shah,Male,66,Abu Dhabi,UAE,Premium,2024-05-09,True
C11014,Ahmed Chaudhry,Female,23,Multan,Pakistan,Regular,2021-12-15,False
C11015,Emily Chaudhry,Male,21,Abu Dhabi,UAE,Regular,2025-07-11,False
C11016,Fatima Williams,Female,48,Abu Dhabi,UAE,Premium,2022-03-23,False
C11017,Tariq Khan,Male,22,Toronto,Canada,Premium,2023-10-20,True
C11018,Ali Raza,Female,27,London,UK,Regular,2023-06-04,False
C11019,Sophia Khan,Female,26,Los Angeles,USA,Premium,2023-11-19,True
C11020,Sophia Shah,Female,62,Abu Dhabi,UAE,Premium,2021-03-20,False
C11021,Usman Shah,Male,41,Manchester,UK,VIP,2022-01-10,False
C11022,Michael Miller,Female,44,Faisalabad,Pakistan,Regular,2025-06-27,False
C11023,Ayesha Iqbal,Female,45,London,UK,Regular,2025-09-20,True
C11024,Tariq Farooq,Female,58,Paris,France,Regular,2025-10-28,True
C11025,Ahmed Khan,Female,24,Faisalabad,Pakistan,Regular,2021-10-18,True
C11026,Faisal Malik,Female,44,Los Angeles,USA,Regular,2024-08-18,False
C11027,Emma Miller,Male,40,Abu Dhabi,UAE,New,2021-08-14,False
C11028,Olivia Butt,Female,35,Manchester,UK,New,2021-05-10,False
C11029,Daniel Williams,Male,18,Lahore,Pakistan,Regular,2022-06-27,False
C11030,Faisal Williams,Male,53,Dubai,UAE,New,2023-04-20,False
C11031,Noor Raza,Female,64,Toronto,Canada,Regular,2021-06-17,True
C11032,Ayesha Raza,Male,58,Riyadh,Saudi Arabia,Premium,2024-07-27,False
C11033,Omar Shah,Male,23,Dubai,UAE,Regular,2025-01-21,True
C11034,Michael Anderson,Male,54,Vancouver,Canada,Regular,2021-12-24,True
C11035,Hina Butt,Male,37,Manchester,UK,Regular,2024-04-24,False
C11036,Hassan Ahmed,Male,58,Karachi,Pakistan,Regular,2023-10-28,True
C11037,Ava Lewis,Male,24,Madrid,Spain,Regular,2021-05-06,True
C11038,Emma Johnson,Male,43,New York,USA,Regular,2021-01-14,True
C11039,Usman Williams,Female,38,Islamabad,Pakistan,Premium,2024-08-26,True
C11040,Ali Iqbal,Male,25,Doha,Qatar,New,2022-06-16,True
C11041,Sophia Chaudhry,Male,30,Los Angeles,USA,Premium,2022-09-01,True
C11042,Ayesha Shah,Male,38,Manchester,UK,Regular,2022-02-24,True
C11043,Sana Shah,Male,40,Jeddah,Saudi Arabia,Premium,2023-11-10,False
C11044,Imran Brown,Male,34,Paris,France,Regular,2024-11-28,False
C11045,Faisal Clark,Female,28,Faisalabad,Pakistan,VIP,2024-12-16,False
C11046,Laila Chaudhry,Female,57,Paris,France,Regular,2024-07-14,True
C11047,Fatima Ahmed,Female,28,Manchester,UK,New,2025-09-09,False
C11048,James Wilson,Female,43,Vancouver,Canada,Regular,2023-03-26,False
C11049,Fatima Butt,Male,31,Dubai,UAE,Premium,2024-06-05,False
C11050,Omar Khan,Female,31,Lahore,Pakistan,Regular,2021-06-08,True
C11051,Laila Shah,Male,24,Doha,Qatar,Premium,2024-12-20,True
C11052,Emily Williams,Female,70,Paris,France,Regular,2025-04-02,False
C11053,Hassan Williams,Male,25,Karachi,Pakistan,Regular,2024-10-11,False
C11054,Ali Farooq,Male,59,Toronto,Canada,VIP,2022-10-01,False
C11055,James Brown,Male,52,Multan,Pakistan,New,2023-01-11,True
C11056,Ayesha Williams,Female,35,New York,USA,Regular,2021-06-13,True
C11057,Sana Lewis,Male,43,London,UK,Regular,2025-08-16,True
C11058,Ayesha Khan,Male,21,Vancouver,Canada,VIP,2023-03-04,False
C11059,Hina Ahmed,Male,64,Riyadh,Saudi Arabia,New,2024-06-27,True
C11060,Daniel Malik,Male,21,Jeddah,Saudi Arabia,New,2021-02-09,False
C11061,Hassan Iqbal,Male,55,Berlin,Germany,Regular,2025-03-11,True
C11062,John Davis,Male,51,Paris,France,Premium,2025-10-16,False
C11063,David Miller,Male,23,London,UK,Regular,2023-05-23,True
C11064,James Butt,Male,62,Chicago,USA,Regular,2023-08-02,True
C11065,Kamran Brown,Male,49,Abu Dhabi,UAE,Regular,2021-04-27,False
C11066,John Raza,Male,26,Madrid,Spain,Regular,2023-06-13,False
C11067,Usman Brown,Male,22,Los Angeles,USA,Regular,2025-03-22,False
C11068,Bilal Davis,Male,65,Faisalabad,Pakistan,Regular,2025-01-15,True
C11069,Sana Wilson,Female,40,Lahore,Pakistan,Regular,2023-09-03,False
C11070,Bilal Brown,Female,50,Abu Dhabi,UAE,Regular,2024-08-09,False
C11071,John Brown,Female,30,Karachi,Pakistan,Regular,2021-07-06,False
C11072,Sana Wilson,Female,24,Vancouver,Canada,Premium,2025-11-08,True
C11073,Sara Malik,Female,33,Faisalabad,Pakistan,Regular,2022-02-09,True
C11074,Tariq Brown,Male,32,Berlin,Germany,Premium,2025-12-09,False
C11075,Olivia Shah,Female,58,Dubai,UAE,Regular,2022-10-10,True
C11076,Imran Lewis,Female,65,Dubai,UAE,Regular,2021-12-08,True
C11077,Hina Iqbal,Female,47,Islamabad,Pakistan,Regular,2023-01-22,False
C11078,Ali Iqbal,Female,22,London,UK,Regular,2024-01-20,False
C11079,Ali Miller,Male,48,Toronto,Canada,Regular,2024-01-19,False
C11080,Imran Iqbal,Male,67,Los Angeles,USA,Regular,2022-05-26,False
C11081,Sophia Johnson,Female,60,New York,USA,Regular,2024-06-15,True
C11082,Michael Smith,Female,25,Doha,Qatar,Regular,2023-09-24,True
C11083,Emma Butt,Male,40,Paris,France,Regular,2022-04-19,False
C11084,Sophia Ahmed,Male,42,Abu Dhabi,UAE,Premium,2023-05-21,False
C11085,Hassan Johnson,Female,43,Dubai,UAE,Premium,2025-05-10,True
C11086,Imran Smith,Male,45,Toronto,Canada,VIP,2021-10-26,False
C11087,Ali Miller,Male,47,Faisalabad,Pakistan,Premium,2023-09-10,True
C11088,Zara Ahmed,Female,18,New York,USA,Regular,2023-04-10,True
C11089,Zara Khan,Female,40,New York,USA,Premium,2021-01-02,False
C11090,Daniel Farooq,Male,23,Manchester,UK,Premium,2022-03-24,True
C11091,Ava Ahmed,Female,32,Toronto,Canada,Regular,2024-06-08,False
C11092,Daniel Siddiqui,Female,37,Berlin,Germany,Premium,2024-03-19,False
C11093,Bilal Shah,Female,26,Toronto,Canada,Regular,2023-04-10,False
C11094,Faisal Davis,Male,42,Doha,Qatar,VIP,2021-07-04,True
C11095,Michael Smith,Female,47,Madrid,Spain,Regular,2025-08-14,False
C11096,Ava Anderson,Male,67,Lahore,Pakistan,Regular,2024-03-20,False
C11097,Imran Johnson,Male,57,Toronto,Canada,Premium,2022-10-10,True
C11098,Tariq Khan,Female,69,Multan,Pakistan,VIP,2024-09-15,True
C11099,Hassan Siddiqui,Female,56,Karachi,Pakistan,Regular,2021-05-19,False
C11100,Ayesha Clark,Male,62,Karachi,Pakistan,Regular,2023-03-18,False
C11101,Daniel Raza,Female,58,Riyadh,Saudi Arabia,Regular,2022-01-26,False
C11102,Ayesha Ahmed,Male,27,Abu Dhabi,UAE,Premium,2025-02-17,True
C11103,Ayesha Miller,Male,50,Abu Dhabi,UAE,Regular,2022-01-04,False
C11104,Hina Butt,Female,70,New York,USA,Premium,2024-08-28,True
C11105,John Khan,Male,27,Multan,Pakistan,VIP,2024-11-08,True
C11106,Usman Miller,Female,36,Chicago,USA,Regular,2025-02-19,False
C11107,Tariq Brown,Male,47,Jeddah,Saudi Arabia,Regular,2023-07-05,True
C11108,Ayesha Clark,Female,18,Madrid,Spain,Premium,2023-01-21,False
C11109,Bilal Davis,Female,35,Manchester,UK,Regular,2021-03-12,True
C11110,Tariq Wilson,Male,29,Los Angeles,USA,Premium,2023-06-21,False
C11111,Hassan Farooq,Female,22,Multan,Pakistan,New,2024-11-16,False
C11112,Emily Iqbal,Female,26,Vancouver,Canada,Premium,2024-10-19,False
C11113,James Brown,Male,20,Vancouver,Canada,Regular,2025-12-06,True
C11114,Sana Miller,Female,66,Faisalabad,Pakistan,Regular,2021-12-26,True
C11115,Sophia Brown,Female,22,Dubai,UAE,Regular,2021-05-04,True
C11116,David Johnson,Male,29,Madrid,Spain,Regular,2021-12-15,False
C11117,Amina Shah,Male,34,Toronto,Canada,Regular,2022-11-10,True
C11118,Noor Wilson,Male,23,Dubai,UAE,Premium,2022-11-22,True
C11119,Olivia Raza,Male,41,Karachi,Pakistan,VIP,2022-10-18,True
C11120,Emily Wilson,Female,30,Dubai,UAE,VIP,2023-10-27,False
C11121,Fatima Lewis,Male,69,Manchester,UK,Regular,2025-07-21,False
C11122,Ahmed Raza,Female,24,Toronto,Canada,Regular,2021-04-02,False
C11123,James Farooq,Female,42,Riyadh,Saudi Arabia,Premium,2021-02-28,True
C11124,Amina Clark,Male,51,Islamabad,Pakistan,New,2023-09-10,False
C11125,Amina Siddiqui,Female,34,Karachi,Pakistan,Premium,2025-01-11,False
C11126,Omar Malik,Male,31,Abu Dhabi,UAE,Premium,2023-12-11,True
C11127,Ahmed Clark,Male,40,New York,USA,New,2022-07-20,True
C11128,Bilal Chaudhry,Male,24,New York,USA,Regular,2025-09-08,False
C11129,Zara Butt,Male,21,New York,USA,Regular,2024-04-18,False
C11130,Sana Malik,Female,67,Chicago,USA,Regular,2021-03-14,False
C11131,Ayesha Davis,Male,57,Multan,Pakistan,New,2025-06-12,True
C11132,Ava Malik,Male,32,Paris,France,Regular,2023-01-08,False
C11133,Sara Khan,Male,70,Toronto,Canada,Regular,2025-01-05,False
C11134,Sara Smith,Female,56,Doha,Qatar,Premium,2022-04-10,True
C11135,Sana Siddiqui,Male,22,Berlin,Germany,Regular,2025-09-07,False
C11136,Kamran Farooq,Female,67,Riyadh,Saudi Arabia,Premium,2023-11-08,False
C11137,Imran Siddiqui,Male,40,Chicago,USA,New,2023-12-20,False
C11138,Usman Raza,Male,37,Islamabad,Pakistan,Premium,2023-04-04,False
C11139,Mariam Davis,Female,25,Karachi,Pakistan,Regular,2022-01-09,False
C11140,Zara Ahmed,Male,35,Berlin,Germany,New,2025-07-16,True
C11141,Kamran Malik,Male,31,Berlin,Germany,Regular,2024-11-14,True
C11142,Amina Johnson,Male,56,Karachi,Pakistan,VIP,2023-06-27,False
C11143,David Khan,Female,64,Abu Dhabi,UAE,VIP,2025-07-28,False
C11144,Amina Brown,Female,52,Faisalabad,Pakistan,Regular,2021-10-24,False
C11145,Kamran Butt,Male,18,Berlin,Germany,Regular,2022-11-09,True
C11146,Zara Smith,Female,20,Chicago,USA,Premium,2022-06-09,False
C11147,Ayesha Farooq,Female,34,Lahore,Pakistan,VIP,2025-08-15,True
C11148,Kamran Malik,Female,48,Lahore,Pakistan,Premium,2024-09-07,False
C11149,Ahmed Chaudhry,Female,22,Toronto,Canada,Regular,2021-05-25,False
C11150,Bilal Butt,Male,27,New York,USA,New,2023-11-02,True
C11151,Hina Wilson,Female,55,Karachi,Pakistan,Regular,2021-09-23,True
C11152,Hassan Khan,Female,52,Jeddah,Saudi Arabia,Premium,2021-10-08,False
C11153,Imran Davis,Male,50,Islamabad,Pakistan,Regular,2021-04-11,False
C11154,John Williams,Female,27,Islamabad,Pakistan,Regular,2024-10-26,False
C11155,Daniel Johnson,Female,36,Paris,France,Premium,2023-03-12,True
C11156,Ava Clark,Male,24,Multan,Pakistan,Premium,2023-06-17,False
C11157,James Clark,Male,60,Berlin,Germany,Premium,2022-07-25,True
C11158,Faisal Wilson,Female,52,Riyadh,Saudi Arabia,Premium,2021-09-26,True
C11159,Emily Wilson,Female,38,New York,USA,Regular,2025-10-10,True
C11160,Olivia Johnson,Male,47,Riyadh,Saudi Arabia,Regular,2023-02-23,True
C11161,Fatima Ahmed,Female,53,Paris,France,Premium,2024-06-21,False
C11162,Kamran Williams,Male,54,Riyadh,Saudi Arabia,VIP,2025-03-18,True
C11163,Emily Raza,Female,68,Toronto,Canada,Regular,2024-06-04,True
C11164,Imran Raza,Female,58,Paris,France,New,2024-04-06,False
C11165,Ayesha Williams,Female,66,Dubai,UAE,Premium,2021-08-24,True
C11166,James Williams,Male,62,Karachi,Pakistan,Regular,2022-02-05,False
C11167,Bilal Brown,Male,63,Manchester,UK,Regular,2024-06-27,False
C11168,Laila Siddiqui,Male,22,Vancouver,Canada,Premium,2025-06-15,False
C11169,Zara Miller,Male,64,Paris,France,Regular,2024-10-27,True
C11170,Faisal Clark,Female,61,Lahore,Pakistan,Premium,2022-07-11,False
C11171,Sophia Clark,Female,67,Los Angeles,USA,Regular,2022-05-16,False
C11172,Imran Wilson,Female,36,Toronto,Canada,Regular,2021-06-25,True
C11173,James Shah,Female,51,Karachi,Pakistan,Regular,2022-10-11,True
C11174,Hina Siddiqui,Female,35,Doha,Qatar,Regular,2023-04-06,False
C11175,David Siddiqui,Male,60,Vancouver,Canada,Regular,2023-02-07,True
C11176,Daniel Malik,Male,18,Vancouver,Canada,Regular,2021-01-12,True
C11177,Noor Davis,Male,47,Toronto,Canada,Regular,2023-02-23,True
C11178,Sana Chaudhry,Male,26,Paris,France,New,2024-12-22,True
C11179,Sophia Butt,Male,38,Islamabad,Pakistan,Regular,2023-06-09,False
C11180,Michael Smith,Male,45,Islamabad,Pakistan,Regular,2025-12-26,False
C11181,Emily Malik,Male,33,Chicago,USA,Regular,2022-07-28,True
C11182,Sana Raza,Female,70,Jeddah,Saudi Arabia,Regular,2022-08-10,True
C11183,Imran Shah,Male,45,Islamabad,Pakistan,Regular,2022-09-20,True
C11184,Noor Chaudhry,Female,58,Karachi,Pakistan,Premium,2022-11-12,False
C11185,Daniel Farooq,Male,36,Dubai,UAE,Premium,2025-08-26,False
C11186,Amina Miller,Female,24,Manchester,UK,Regular,2025-05-14,False
C11187,Emily Williams,Male,29,Riyadh,Saudi Arabia,Regular,2023-06-22,True
C11188,Michael Raza,Female,69,Berlin,Germany,New,2023-10-14,True
C11189,Hassan Wilson,Male,68,Doha,Qatar,Regular,2021-09-25,False
C11190,Noor Brown,Female,45,London,UK,Regular,2023-01-09,False
C11191,John Malik,Female,46,London,UK,Regular,2022-10-06,True
C11192,Laila Smith,Male,56,Vancouver,Canada,Premium,2021-12-01,False
C11193,Ava Johnson,Male,59,London,UK,Regular,2021-04-12,True
C11194,Tariq Butt,Female,69,Chicago,USA,Regular,2022-06-11,False
C11195,Sophia Butt,Male,20,Chicago,USA,VIP,2022-09-04,False
C11196,Hina Farooq,Female,19,Karachi,Pakistan,Regular,2024-12-08,True
C11197,James Brown,Female,26,Faisalabad,Pakistan,VIP,2023-05-28,True
C11198,Imran Williams,Male,18,Islamabad,Pakistan,Premium,2021-09-20,True
C11199,Olivia Brown,Male,56,Toronto,Canada,New,2021-06-14,True
C11200,Kamran Shah,Male,34,Jeddah,Saudi Arabia,New,2023-10-16,False
C11201,Ahmed Butt,Female,53,Paris,France,Regular,2023-05-23,True
C11202,Sana Brown,Female,66,Lahore,Pakistan,Premium,2024-02-15,True
C11203,Tariq Butt,Female,41,Lahore,Pakistan,Regular,2025-02-21,False
C11204,Olivia Ahmed,Male,53,Multan,Pakistan,Regular,2023-08-19,True
C11205,Tariq Lewis,Female,51,Multan,Pakistan,Premium,2021-10-25,True
C11206,Hassan Williams,Female,65,New York,USA,Regular,2021-03-02,False
C11207,Noor Khan,Female,62,Vancouver,Canada,Regular,2025-09-26,False
C11208,Omar Butt,Female,47,New York,USA,Premium,2025-09-18,True
C11209,Michael Ahmed,Female,26,Paris,France,VIP,2021-03-17,True
C11210,Kamran Siddiqui,Male,45,Abu Dhabi,UAE,Regular,2022-11-26,False
C11211,Noor Brown,Male,36,Chicago,USA,Regular,2022-05-24,False
C11212,Laila Johnson,Male,27,London,UK,Regular,2025-11-07,False
C11213,Hassan Miller,Female,31,Vancouver,Canada,New,2025-12-24,True
C11214,Michael Miller,Male,38,Los Angeles,USA,Regular,2022-03-16,True
C11215,Michael Shah,Male,62,Doha,Qatar,Regular,2021-08-11,True
C11216,Kamran Lewis,Male,22,Vancouver,Canada,Regular,2021-09-08,False
C11217,Hassan Farooq,Female,55,Abu Dhabi,UAE,Premium,2021-06-20,False
C11218,Amina Shah,Male,55,Chicago,USA,Regular,2023-12-07,False
C11219,Faisal Siddiqui,Male,69,Jeddah,Saudi Arabia,Premium,2022-11-25,False
C11220,David Clark,Female,69,Toronto,Canada,Premium,2023-10-22,False
C11221,Ali Butt,Male,23,Dubai,UAE,New,2022-10-05,True
C11222,Emma Khan,Female,22,New York,USA,New,2022-01-05,False
C11223,Omar Farooq,Male,33,New York,USA,Premium,2024-07-25,False
C11224,Zara Wilson,Female,51,Manchester,UK,Regular,2024-10-27,True
C11225,Michael Raza,Female,53,Jeddah,Saudi Arabia,Regular,2022-12-26,False
C11226,Daniel Williams,Female,29,Chicago,USA,Regular,2021-06-28,False
C11227,Usman Lewis,Male,42,Paris,France,Regular,2023-12-01,True
C11228,Imran Shah,Male,55,Manchester,UK,Regular,2024-02-12,False
C11229,Laila Chaudhry,Male,59,Lahore,Pakistan,Regular,2025-08-13,True
C11230,John Malik,Male,63,Jeddah,Saudi Arabia,New,2023-10-21,False
C11231,Sana Anderson,Male,20,Dubai,UAE,Regular,2024-10-23,True
C11232,Ahmed Williams,Male,21,Multan,Pakistan,Regular,2022-12-02,False
C11233,Hassan Shah,Male,39,Chicago,USA,VIP,2021-06-23,True
C11234,Imran Khan,Female,44,Manchester,UK,VIP,2025-11-02,True
C11235,Bilal Chaudhry,Male,29,Los Angeles,USA,Regular,2022-05-20,True
C11236,Hina Khan,Female,35,Paris,France,Premium,2025-02-11,False
C11237,Faisal Davis,Male,25,Islamabad,Pakistan,New,2025-03-24,True
C11238,Faisal Khan,Male,68,London,UK,Regular,2022-11-12,False
C11239,Zara Shah,Male,37,Riyadh,Saudi Arabia,Regular,2021-12-10,True
C11240,Faisal Smith,Female,32,Multan,Pakistan,VIP,2023-05-07,True
C11241,Michael Davis,Female,23,Jeddah,Saudi Arabia,Regular,2023-10-12,False
C11242,James Iqbal,Male,55,Madrid,Spain,Regular,2025-09-19,True
C11243,John Farooq,Male,39,Manchester,UK,Premium,2024-09-18,False
C11244,David Shah,Female,31,Los Angeles,USA,Regular,2021-01-04,True
C11245,Kamran Clark,Female,41,Multan,Pakistan,Premium,2024-11-19,True
C11246,John Johnson,Male,28,Faisalabad,Pakistan,Regular,2023-06-11,True
C11247,Zara Iqbal,Female,52,Manchester,UK,Regular,2022-01-15,False
C11248,Michael Williams,Female,48,Toronto,Canada,VIP,2025-05-24,False
C11249,Sana Brown,Female,20,London,UK,New,2025-04-25,True
C11250,David Chaudhry,Female,55,Paris,France,Regular,2024-09-06,False
C11251,Usman Clark,Male,26,Los Angeles,USA,Premium,2025-01-03,False
C11252,Kamran Brown,Male,47,Manchester,UK,Regular,2022-03-07,True
C11253,Ahmed Iqbal,Male,31,Doha,Qatar,Regular,2023-12-08,True
C11254,Ali Miller,Male,40,Manchester,UK,Regular,2025-09-22,False
C11255,Emily Brown,Female,63,New York,USA,Regular,2022-02-13,True
C11256,Tariq Smith,Female,70,Multan,Pakistan,Premium,2023-07-20,False
C11257,Fatima Miller,Male,32,Islamabad,Pakistan,New,2025-03-25,True
C11258,Omar Wilson,Male,57,Manchester,UK,Premium,2023-07-03,True
C11259,Usman Malik,Male,37,New York,USA,Regular,2022-06-13,True
C11260,Zara Farooq,Female,61,Multan,Pakistan,VIP,2024-01-09,False
C11261,Tariq Wilson,Male,47,Dubai,UAE,VIP,2022-06-22,True
C11262,Hina Smith,Male,54,Lahore,Pakistan,Premium,2024-11-15,True
C11263,Noor Malik,Female,45,Berlin,Germany,Regular,2024-11-04,False
C11264,David Miller,Female,52,Manchester,UK,New,2025-02-26,True
C11265,David Brown,Male,27,Chicago,USA,Regular,2024-12-19,False
C11266,James Lewis,Female,45,Los Angeles,USA,Regular,2022-05-02,True
C11267,Fatima Malik,Female,34,Madrid,Spain,Regular,2024-11-10,True
C11268,Hina Farooq,Female,44,Jeddah,Saudi Arabia,Regular,2025-06-10,True
C11269,Fatima Malik,Female,33,Faisalabad,Pakistan,Regular,2025-09-04,True
C11270,Noor Chaudhry,Female,47,New York,USA,Premium,2022-04-27,False
C11271,Omar Johnson,Male,27,Islamabad,Pakistan,Premium,2021-12-21,True
C11272,Sophia Ahmed,Female,58,Los Angeles,USA,Premium,2024-07-13,True
C11273,Sophia Ahmed,Female,25,Jeddah,Saudi Arabia,VIP,2022-10-09,False
C11274,Amina Butt,Male,41,Los Angeles,USA,Premium,2025-04-25,False
C11275,Hassan Wilson,Male,56,Dubai,UAE,Regular,2023-03-22,False
C11276,Noor Shah,Male,68,Lahore,Pakistan,Regular,2023-03-09,False
C11277,Olivia Smith,Male,32,Vancouver,Canada,Regular,2024-12-11,True
C11278,Zara Lewis,Female,55,Vancouver,Canada,Regular,2021-10-11,False
C11279,Ali Smith,Female,38,Chicago,USA,Regular,2024-08-05,False
C11280,Amina Iqbal,Female,34,Abu Dhabi,UAE,Regular,2024-11-28,True
C11281,Fatima Ahmed,Male,65,Chicago,USA,New,2024-06-10,False
C11282,Emily Davis,Male,27,Madrid,Spain,Premium,2023-03-20,False
C11283,Noor Khan,Female,53,Paris,France,Premium,2025-04-13,True
C11284,Emma Siddiqui,Male,43,Vancouver,Canada,Regular,2024-02-19,False
C11285,David Brown,Female,40,Dubai,UAE,VIP,2022-07-20,False
C11286,John Siddiqui,Female,50,Manchester,UK,Premium,2023-07-08,False
C11287,Zara Davis,Male,29,Madrid,Spain,Regular,2024-01-18,False
C11288,Emily Siddiqui,Female,55,Dubai,UAE,Premium,2024-07-14,True
C11289,Mariam Raza,Male,56,Vancouver,Canada,Premium,2021-07-01,False
C11290,Hina Clark,Female,61,Riyadh,Saudi Arabia,Regular,2025-06-01,False
C11291,Emma Shah,Male,47,Los Angeles,USA,Regular,2025-04-06,False
C11292,Bilal Farooq,Male,19,London,UK,Regular,2022-08-15,True
C11293,Mariam Iqbal,Female,50,Madrid,Spain,Premium,2025-10-27,False
C11294,Kamran Ahmed,Male,65,Riyadh,Saudi Arabia,Regular,2022-11-14,False
C11295,Olivia Williams,Female,63,Islamabad,Pakistan,Premium,2024-12-25,True
C11296,James Malik,Female,69,New York,USA,Regular,2024-12-25,True
C11297,Michael Wilson,Female,45,Berlin,Germany,VIP,2023-02-05,False
C11298,Sophia Iqbal,Female,44,Faisalabad,Pakistan,Premium,2025-03-08,False
C11299,Ayesha Smith,Male,47,Jeddah,Saudi Arabia,New,2022-08-25,True
C11300,Zara Davis,Female,68,London,UK,Regular,2023-05-19,False
C11301,David Raza,Male,51,Karachi,Pakistan,Regular,2025-04-12,False
C11302,Michael Iqbal,Female,48,Doha,Qatar,Premium,2023-11-10,True
C11303,Laila Farooq,Female,34,Multan,Pakistan,Premium,2022-01-28,True
C11304,Bilal Clark,Male,34,Doha,Qatar,Regular,2025-09-24,False
C11305,Daniel Iqbal,Female,59,Vancouver,Canada,Regular,2024-09-11,False
C11306,John Iqbal,Female,29,New York,USA,Regular,2024-07-01,True
C11307,Zara Shah,Male,27,Riyadh,Saudi Arabia,Regular,2023-12-26,True
C11308,Sana Davis,Male,65,Manchester,UK,VIP,2022-09-08,True
C11309,Tariq Siddiqui,Female,50,Karachi,Pakistan,Regular,2023-09-18,True
C11310,Faisal Wilson,Male,33,Madrid,Spain,Regular,2021-12-06,True
C11311,Hina Malik,Female,53,Madrid,Spain,Regular,2022-12-07,True
C11312,Zara Malik,Male,32,Los Angeles,USA,Regular,2022-10-16,False
C11313,Daniel Malik,Female,68,Chicago,USA,Premium,2021-04-16,True
C11314,Sana Shah,Male,52,Islamabad,Pakistan,Premium,2024-10-16,False
C11315,Faisal Williams,Male,64,Lahore,Pakistan,New,2025-11-07,False
C11316,David Williams,Female,49,Jeddah,Saudi Arabia,Premium,2021-06-17,False
C11317,John Farooq,Female,52,Doha,Qatar,Regular,2025-05-22,False
C11318,David Iqbal,Female,18,Faisalabad,Pakistan,Regular,2024-09-16,False
C11319,Ahmed Williams,Female,24,Dubai,UAE,New,2022-08-11,True
C11320,David Butt,Male,37,Faisalabad,Pakistan,Premium,2022-06-25,False
C11321,Ava Lewis,Male,54,Doha,Qatar,Premium,2021-06-06,True
C11322,Emma Iqbal,Male,38,Dubai,UAE,New,2024-08-21,False
C11323,Ava Chaudhry,Female,37,Riyadh,Saudi Arabia,Regular,2023-05-11,False
C11324,Zara Williams,Female,66,Madrid,Spain,Regular,2023-07-02,False
C11325,Kamran Chaudhry,Male,70,Multan,Pakistan,Premium,2023-04-22,False
C11326,Ali Smith,Female,68,Manchester,UK,Regular,2023-09-18,True
C11327,Imran Davis,Female,24,Vancouver,Canada,Regular,2022-03-11,False
C11328,Sara Brown,Female,33,New York,USA,Regular,2025-10-19,False
C11329,Sara Smith,Female,52,Faisalabad,Pakistan,Regular,2021-05-04,False
C11330,Omar Williams,Male,27,Islamabad,Pakistan,Premium,2022-10-07,True
C11331,Omar Clark,Female,53,Riyadh,Saudi Arabia,Premium,2024-05-23,True
C11332,Emma Smith,Female,67,Islamabad,Pakistan,Regular,2022-04-06,False
C11333,Kamran Johnson,Female,30,Riyadh,Saudi Arabia,Premium,2024-12-09,False
C11334,Bilal Siddiqui,Female,45,Lahore,Pakistan,Regular,2025-08-26,True
C11335,Ava Wilson,Female,19,Karachi,Pakistan,Premium,2025-01-17,False
C11336,Zara Clark,Female,58,New York,USA,Regular,2025-02-19,True
C11337,Amina Iqbal,Male,54,Faisalabad,Pakistan,New,2025-10-21,True
C11338,James Chaudhry,Female,46,Paris,France,New,2021-12-05,False
C11339,John Clark,Female,47,Dubai,UAE,Premium,2021-12-24,False
C11340,Faisal Farooq,Male,57,Berlin,Germany,VIP,2021-01-01,True
C11341,Bilal Chaudhry,Male,55,Paris,France,Premium,2023-06-18,False
C11342,Ava Johnson,Male,30,Toronto,Canada,VIP,2022-04-10,True
C11343,Amina Lewis,Male,67,Lahore,Pakistan,Regular,2021-06-03,False
C11344,Emily Shah,Male,37,Riyadh,Saudi Arabia,Regular,2023-05-08,True
C11345,Bilal Davis,Male,42,Lahore,Pakistan,Regular,2023-12-28,True
C11346,Kamran Davis,Female,30,Karachi,Pakistan,Regular,2024-07-19,True
C11347,Imran Clark,Male,28,Dubai,UAE,VIP,2021-02-16,False
C11348,Usman Shah,Male,69,Paris,France,Premium,2023-08-09,True
C11349,Ali Brown,Female,43,Lahore,Pakistan,New,2024-02-12,False
C11350,Noor Farooq,Male,62,Islamabad,Pakistan,Regular,2023-11-26,False
C11351,Hassan Smith,Male,27,Lahore,Pakistan,VIP,2024-03-19,True
C11352,Bilal Raza,Female,66,Los Angeles,USA,Regular,2022-10-26,True
C11353,Laila Williams,Male,44,Manchester,UK,Regular,2023-09-05,True
C11354,Olivia Iqbal,Male,49,Faisalabad,Pakistan,Regular,2023-07-21,False
C11355,Omar Khan,Male,39,Vancouver,Canada,Regular,2023-08-02,True
C11356,Amina Brown,Male,28,Karachi,Pakistan,Regular,2024-06-08,True
C11357,Ayesha Miller,Female,44,Islamabad,Pakistan,New,2024-09-15,True
C11358,Zara Miller,Female,34,Lahore,Pakistan,Regular,2025-11-18,False
C11359,Sana Miller,Male,26,Faisalabad,Pakistan,Regular,2025-03-26,True
C11360,Sophia Siddiqui,Female,36,Islamabad,Pakistan,New,2022-02-08,True
C11361,Sophia Farooq,Female,63,Dubai,UAE,New,2023-11-19,False
C11362,Noor Johnson,Male,55,London,UK,Premium,2022-01-24,False
C11363,Hina Khan,Male,58,Abu Dhabi,UAE,Regular,2021-04-06,False
C11364,Faisal Miller,Female,40,Lahore,Pakistan,Regular,2023-10-13,False
C11365,Laila Chaudhry,Female,25,Madrid,Spain,Premium,2022-11-25,False
C11366,Hassan Smith,Female,67,Dubai,UAE,Premium,2023-11-04,False
C11367,Ahmed Johnson,Female,59,Jeddah,Saudi Arabia,Regular,2025-09-05,True
C11368,James Siddiqui,Male,53,Madrid,Spain,Premium,2022-03-28,False
C11369,Noor Anderson,Male,50,Madrid,Spain,Regular,2023-09-07,True
C11370,Usman Johnson,Male,54,Lahore,Pakistan,New,2022-09-02,False
C11371,Michael Wilson,Male,41,Riyadh,Saudi Arabia,Regular,2025-11-06,True
C11372,Laila Williams,Male,35,Chicago,USA,Regular,2022-07-10,False
C11373,Daniel Miller,Female,38,Paris,France,Regular,2025-05-01,True
C11374,Emily Farooq,Male,64,Chicago,USA,Premium,2023-02-02,False
C11375,Sana Iqbal,Male,43,Multan,Pakistan,VIP,2022-11-14,False
C11376,Mariam Johnson,Male,32,Abu Dhabi,UAE,New,2025-05-05,False
C11377,Emily Raza,Male,46,Toronto,Canada,Regular,2021-05-25,False
C11378,Imran Farooq,Male,67,Faisalabad,Pakistan,Premium,2021-08-08,False
C11379,Amina Lewis,Female,27,Faisalabad,Pakistan,Regular,2023-12-11,False
C11380,James Chaudhry,Male,58,Berlin,Germany,Regular,2021-10-06,False
C11381,Imran Siddiqui,Male,64,Riyadh,Saudi Arabia,Premium,2023-10-28,False
C11382,James Williams,Female,21,New York,USA,Premium,2022-05-27,False
C11383,Omar Williams,Female,40,Los Angeles,USA,Regular,2023-02-23,False
C11384,Sana Butt,Female,60,Toronto,Canada,Regular,2022-12-16,False
C11385,Emma Brown,Male,56,Los Angeles,USA,Regular,2025-11-04,True
C11386,Fatima Clark,Female,70,Riyadh,Saudi Arabia,Regular,2021-12-02,False
C11387,Faisal Wilson,Male,43,Madrid,Spain,VIP,2024-11-24,False
C11388,Faisal Iqbal,Male,58,Abu Dhabi,UAE,New,2021-02-10,False
C11389,Emma Chaudhry,Female,70,Madrid,Spain,Premium,2021-06-08,False
C11390,Omar Davis,Female,67,Karachi,Pakistan,VIP,2024-04-18,False
C11391,David Iqbal,Female,23,Manchester,UK,Regular,2024-10-18,True
C11392,Ayesha Ahmed,Female,38,Doha,Qatar,Premium,2023-11-06,False
C11393,Emma Miller,Female,39,Jeddah,Saudi Arabia,VIP,2022-06-25,True
C11394,Ali Siddiqui,Male,55,London,UK,Regular,2022-09-23,False
C11395,Hina Brown,Male,30,Chicago,USA,Regular,2025-12-20,False
C11396,Michael Smith,Female,43,Multan,Pakistan,Regular,2023-07-04,False
C11397,Ahmed Smith,Male,46,Toronto,Canada,VIP,2025-04-18,True
C11398,Sana Butt,Male,33,Lahore,Pakistan,New,2023-08-21,True
C11399,Zara Butt,Male,57,Lahore,Pakistan,Regular,2022-08-14,True
C11400,Emma Wilson,Female,58,Dubai,UAE,Premium,2024-07-24,False
C11401,Noor Johnson,Female,33,Jeddah,Saudi Arabia,Regular,2023-06-03,True
C11402,Olivia Anderson,Male,24,Riyadh,Saudi Arabia,New,2023-09-23,False
C11403,Ayesha Lewis,Male,64,London,UK,Regular,2025-12-21,True
C11404,Faisal Malik,Female,57,Jeddah,Saudi Arabia,Regular,2024-10-14,True
C11405,Amina Davis,Male,40,Lahore,Pakistan,Regular,2022-12-05,True
C11406,Sophia Chaudhry,Female,64,Islamabad,Pakistan,Regular,2023-10-16,False
C11407,Usman Davis,Female,52,Berlin,Germany,Premium,2022-05-11,True
C11408,Noor Raza,Female,18,Los Angeles,USA,New,2025-01-23,False
C11409,David Ahmed,Male,51,Faisalabad,Pakistan,Regular,2025-03-24,True
C11410,David Iqbal,Male,19,Vancouver,Canada,Premium,2022-08-24,True
C11411,Ayesha Brown,Female,69,Islamabad,Pakistan,Regular,2023-12-16,True
C11412,Ayesha Farooq,Female,29,Dubai,UAE,Premium,2023-05-16,True
C11413,Tariq Shah,Male,40,Jeddah,Saudi Arabia,New,2022-11-03,False
C11414,Imran Chaudhry,Male,56,Faisalabad,Pakistan,Regular,2024-09-02,False
C11415,Ali Wilson,Male,18,Dubai,UAE,Regular,2021-05-01,False
C11416,Usman Lewis,Female,29,Dubai,UAE,Premium,2021-06-04,True
C11417,Faisal Iqbal,Female,63,Manchester,UK,VIP,2025-03-17,True
C11418,Laila Malik,Male,69,Lahore,Pakistan,New,2024-05-04,False
C11419,Imran Iqbal,Male,49,Toronto,Canada,Regular,2022-03-20,False
C11420,James Brown,Female,25,Chicago,USA,Premium,2024-02-11,True
C11421,Mariam Miller,Male,68,Multan,Pakistan,Regular,2023-06-02,False
C11422,Emma Wilson,Male,60,Faisalabad,Pakistan,Premium,2025-09-19,False
C11423,Zara Smith,Male,46,Abu Dhabi,UAE,VIP,2025-05-21,False
C11424,Tariq Ahmed,Female,19,Paris,France,Regular,2024-06-18,False
C11425,Zara Miller,Female,67,Berlin,Germany,Premium,2025-01-17,True
C11426,Zara Clark,Male,59,Islamabad,Pakistan,Regular,2022-01-18,True
C11427,Tariq Shah,Female,52,Doha,Qatar,Regular,2021-11-28,False
C11428,Emma Iqbal,Female,61,Los Angeles,USA,Premium,2025-04-04,False
C11429,Michael Smith,Male,63,Riyadh,Saudi Arabia,Regular,2022-04-19,True
C11430,Usman Siddiqui,Female,18,Berlin,Germany,New,2021-11-27,False
C11431,James Butt,Female,43,Berlin,Germany,Regular,2022-03-20,True
C11432,Daniel Williams,Female,31,Jeddah,Saudi Arabia,New,2025-11-24,False
C11433,Noor Williams,Female,35,Lahore,Pakistan,VIP,2024-04-27,False
C11434,Ali Brown,Male,62,Vancouver,Canada,VIP,2023-03-22,True
C11435,Ayesha Iqbal,Female,22,Faisalabad,Pakistan,Regular,2021-06-06,False
C11436,Amina Farooq,Female,54,Doha,Qatar,Regular,2024-02-13,True
C11437,Emma Miller,Male,26,Chicago,USA,Premium,2021-01-16,False
C11438,Mariam Malik,Female,29,Faisalabad,Pakistan,Regular,2021-12-26,True
C11439,Laila Johnson,Female,65,Paris,France,Regular,2022-10-25,True
C11440,David Shah,Female,20,Abu Dhabi,UAE,Premium,2025-03-11,False
C11441,Kamran Shah,Male,43,Manchester,UK,Regular,2022-05-17,True
C11442,John Shah,Female,60,Dubai,UAE,Premium,2022-01-28,False
C11443,Laila Wilson,Female,53,Riyadh,Saudi Arabia,Regular,2021-09-11,True
C11444,Noor Wilson,Male,57,Islamabad,Pakistan,Premium,2021-12-11,False
C11445,Daniel Siddiqui,Male,18,Multan,Pakistan,Regular,2021-10-02,False
C11446,Emma Butt,Male,54,Faisalabad,Pakistan,Premium,2025-01-21,False
C11447,Zara Lewis,Female,46,Berlin,Germany,New,2025-04-22,False
C11448,Fatima Davis,Female,27,Jeddah,Saudi Arabia,Regular,2025-06-08,True
C11449,Tariq Chaudhry,Male,41,Dubai,UAE,Premium,2023-07-26,False
C11450,Kamran Williams,Male,43,Karachi,Pakistan,Regular,2022-11-12,True
C11451,Daniel Williams,Female,64,Paris,France,Regular,2024-07-15,False
C11452,Emily Brown,Male,64,London,UK,Premium,2023-04-07,True
C11453,Emma Lewis,Female,47,Abu Dhabi,UAE,Premium,2025-07-12,False
C11454,Bilal Miller,Male,52,Berlin,Germany,Premium,2022-05-27,False
C11455,Usman Smith,Male,60,Abu Dhabi,UAE,Regular,2021-09-14,True
C11456,Michael Shah,Female,54,Lahore,Pakistan,Premium,2024-05-24,True
C11457,Olivia Shah,Male,44,Toronto,Canada,Regular,2024-04-28,True
C11458,Laila Lewis,Male,61,London,UK,Regular,2024-02-03,True
C11459,Omar Ahmed,Female,40,Karachi,Pakistan,Regular,2021-03-07,False
C11460,Laila Smith,Female,48,Manchester,UK,Regular,2021-03-10,False
C11461,Hina Raza,Male,44,Chicago,USA,Regular,2021-10-14,True
C11462,John Miller,Female,62,Chicago,USA,VIP,2025-04-04,True
C11463,David Malik,Male,42,Faisalabad,Pakistan,Regular,2024-08-06,True
C11464,Ava Davis,Male,46,Manchester,UK,New,2025-08-22,False
C11465,Daniel Johnson,Male,29,Islamabad,Pakistan,Regular,2023-05-22,False
C11466,Ava Shah,Female,36,Faisalabad,Pakistan,Premium,2022-02-12,False
C11467,Daniel Clark,Female,28,Vancouver,Canada,Regular,2021-05-07,False
C11468,Sana Smith,Male,21,Lahore,Pakistan,Premium,2025-12-10,False
C11469,Omar Malik,Female,65,Paris,France,New,2024-11-15,True
C11470,Sara Raza,Male,65,Chicago,USA,Premium,2023-05-13,True
C11471,Tariq Malik,Female,62,Berlin,Germany,Regular,2024-06-26,False
C11472,Bilal Johnson,Female,53,London,UK,Regular,2024-05-09,True
C11473,Olivia Smith,Male,19,Islamabad,Pakistan,VIP,2024-02-08,True
C11474,Ahmed Raza,Male,67,Manchester,UK,Regular,2022-02-01,True
C11475,Ahmed Raza,Female,58,Vancouver,Canada,New,2023-11-04,True
C11476,Usman Ahmed,Male,23,Multan,Pakistan,Premium,2021-02-01,False
C11477,Sara Ahmed,Female,38,Abu Dhabi,UAE,Premium,2022-04-16,True
C11478,Michael Iqbal,Female,36,Vancouver,Canada,Premium,2024-10-28,True
C11479,Imran Khan,Male,29,Dubai,UAE,New,2024-05-05,True
C11480,Usman Iqbal,Female,66,Islamabad,Pakistan,New,2021-03-13,False
C11481,Imran Farooq,Male,45,Paris,France,Regular,2025-06-24,True
C11482,John Chaudhry,Female,66,Lahore,Pakistan,Regular,2025-01-03,False
C11483,Laila Williams,Male,61,Karachi,Pakistan,VIP,2023-12-15,True
C11484,Faisal Johnson,Male,54,London,UK,Regular,2021-06-15,False
C11485,Sana Farooq,Female,38,Manchester,UK,Premium,2024-12-07,True
C11486,Sara Johnson,Female,47,Dubai,UAE,New,2025-06-26,False
C11487,Kamran Raza,Male,65,Madrid,Spain,VIP,2024-07-01,True
C11488,Emma Raza,Female,41,Berlin,Germany,Regular,2023-11-06,True
C11489,Usman Siddiqui,Male,43,Dubai,UAE,Regular,2025-05-11,True
C11490,Tariq Iqbal,Female,53,New York,USA,Regular,2021-04-16,False
C11491,Emma Iqbal,Female,60,Paris,France,Regular,2024-02-03,False
C11492,Zara Raza,Male,51,Vancouver,Canada,New,2024-04-14,False
C11493,John Iqbal,Female,58,Doha,Qatar,Regular,2021-10-14,True
C11494,Imran Farooq,Female,64,Multan,Pakistan,Regular,2025-12-28,True
C11495,Sana Ahmed,Male,46,Toronto,Canada,Regular,2023-04-07,False
C11496,John Miller,Female,53,London,UK,Regular,2022-06-23,True
C11497,Olivia Clark,Male,63,London,UK,Premium,2022-04-27,True
C11498,Sana Khan,Female,50,Toronto,Canada,New,2024-07-25,True
C11499,Ahmed Wilson,Female,47,London,UK,Premium,2025-12-09,True
C11500,David Shah,Female,63,Berlin,Germany,Regular,2024-01-16,True
C11501,Omar Johnson,Female,53,Lahore,Pakistan,Regular,2022-05-11,False
C11502,Daniel Anderson,Male,70,Vancouver,Canada,VIP,2023-04-20,True
C11503,Sophia Shah,Female,33,Karachi,Pakistan,VIP,2023-07-23,True
C11504,Usman Raza,Female,19,Jeddah,Saudi Arabia,Regular,2023-11-25,False
C11505,Kamran Raza,Female,58,Manchester,UK,Regular,2021-03-20,False
C11506,Ava Chaudhry,Female,35,Faisalabad,Pakistan,Regular,2023-10-15,False
C11507,Bilal Smith,Male,25,Toronto,Canada,Regular,2022-06-18,False
C11508,Omar Brown,Male,58,Multan,Pakistan,Regular,2023-06-13,True
C11509,James Malik,Female,38,Vancouver,Canada,Premium,2023-10-02,True
C11510,Ahmed Ahmed,Male,27,New York,USA,Regular,2022-03-23,True
C11511,Fatima Smith,Male,44,Manchester,UK,Regular,2021-02-16,False
C11512,Imran Williams,Female,62,Karachi,Pakistan,Regular,2025-02-27,True
C11513,Ayesha Chaudhry,Male,33,Dubai,UAE,Regular,2024-11-18,True
C11514,Sana Malik,Male,32,Riyadh,Saudi Arabia,VIP,2021-03-28,True
C11515,Omar Brown,Female,19,London,UK,Premium,2025-05-16,True
C11516,Ahmed Malik,Male,55,Chicago,USA,Regular,2024-04-19,False
C11517,Michael Ahmed,Female,50,Manchester,UK,New,2021-03-13,True
C11518,Ali Lewis,Female,35,Chicago,USA,Premium,2022-09-13,True
C11519,Hassan Smith,Male,38,Vancouver,Canada,New,2022-07-04,False
C11520,Kamran Lewis,Female,31,Lahore,Pakistan,Regular,2024-01-13,True
C11521,David Clark,Female,62,Abu Dhabi,UAE,Premium,2022-10-27,False
C11522,Sara Butt,Female,31,Madrid,Spain,Premium,2023-05-01,True
C11523,Usman Miller,Female,64,London,UK,Regular,2022-07-20,True
C11524,Amina Lewis,Female,68,New York,USA,New,2024-04-03,True
C11525,Laila Malik,Male,35,Lahore,Pakistan,New,2021-05-15,False
C11526,Ayesha Malik,Female,31,Dubai,UAE,Premium,2025-07-24,False
C11527,Noor Khan,Female,67,Jeddah,Saudi Arabia,Regular,2021-02-10,True
C11528,Ava Shah,Male,58,Madrid,Spain,Premium,2023-11-26,True
C11529,Ali Siddiqui,Male,64,Dubai,UAE,Regular,2024-10-23,False
C11530,Michael Clark,Female,22,Lahore,Pakistan,Premium,2023-03-07,True
C11531,Ali Malik,Female,45,Berlin,Germany,VIP,2024-07-06,True
C11532,Emily Ahmed,Female,63,Karachi,Pakistan,Regular,2025-08-07,False
C11533,Emma Shah,Male,62,Jeddah,Saudi Arabia,Regular,2021-01-21,True
C11534,Amina Miller,Male,63,Paris,France,VIP,2025-01-10,False
C11535,Fatima Davis,Female,52,Vancouver,Canada,Regular,2021-11-12,True
C11536,Noor Iqbal,Female,41,Manchester,UK,Regular,2023-06-25,False
C11537,Emily Anderson,Female,41,New York,USA,New,2022-02-20,False
C11538,Ava Johnson,Female,46,London,UK,VIP,2022-11-06,True
C11539,Ava Raza,Female,52,Los Angeles,USA,Premium,2023-12-06,True
C11540,Ahmed Williams,Male,50,Berlin,Germany,Premium,2022-09-04,True
C11541,Emily Iqbal,Male,61,Chicago,USA,Premium,2023-06-16,True
C11542,Amina Brown,Female,32,Manchester,UK,Premium,2023-12-14,True
C11543,Bilal Shah,Male,68,Madrid,Spain,New,2022-02-16,True
C11544,Mariam Brown,Female,70,Doha,Qatar,Regular,2021-11-04,True
C11545,Ali Farooq,Male,31,Lahore,Pakistan,Regular,2021-11-03,True
C11546,Ayesha Williams,Female,60,Madrid,Spain,Regular,2023-12-20,False
C11547,Fatima Shah,Female,45,Berlin,Germany,Premium,2023-08-21,True
C11548,Sana Smith,Female,19,Karachi,Pakistan,Regular,2024-08-28,False
C11549,Noor Clark,Female,61,Faisalabad,Pakistan,Regular,2025-01-13,True
C11550,Sana Chaudhry,Male,23,Islamabad,Pakistan,Regular,2024-12-21,True
C11551,Sophia Smith,Male,56,Berlin,Germany,New,2024-01-11,False
C11552,Usman Lewis,Female,24,Madrid,Spain,Regular,2025-03-19,True
C11553,Ahmed Wilson,Male,47,Madrid,Spain,Regular,2025-10-13,True
C11554,Ayesha Wilson,Female,29,Toronto,Canada,New,2023-05-28,True
C11555,Laila Smith,Female,25,Doha,Qatar,Premium,2021-02-07,False
C11556,Ali Brown,Male,67,Riyadh,Saudi Arabia,Regular,2024-05-06,True
C11557,Emma Miller,Male,63,Toronto,Canada,Regular,2023-12-04,True
C11558,Bilal Lewis,Male,46,Multan,Pakistan,Regular,2022-12-14,True
C11559,John Anderson,Male,44,Manchester,UK,Regular,2025-05-14,False
C11560,Ahmed Chaudhry,Female,48,Islamabad,Pakistan,Regular,2021-04-05,True
C11561,Ahmed Clark,Male,60,Dubai,UAE,Regular,2021-11-18,False
C11562,Sana Ahmed,Male,55,Jeddah,Saudi Arabia,Regular,2025-09-02,True
C11563,Zara Raza,Female,18,Multan,Pakistan,Regular,2022-09-26,True
C11564,Emily Chaudhry,Male,37,Los Angeles,USA,New,2021-03-11,True
C11565,Usman Miller,Female,48,Abu Dhabi,UAE,Regular,2024-03-13,True
C11566,Emma Wilson,Male,66,Multan,Pakistan,Regular,2022-09-03,True
C11567,James Johnson,Male,70,Paris,France,Regular,2022-01-25,False
C11568,David Brown,Male,30,London,UK,Premium,2021-06-13,False
C11569,Sophia Raza,Female,57,Riyadh,Saudi Arabia,New,2025-09-14,True
C11570,Imran Farooq,Female,67,Vancouver,Canada,Regular,2022-10-01,False
C11571,Ahmed Raza,Male,41,Chicago,USA,Regular,2021-05-15,False
C11572,Laila Smith,Female,48,Chicago,USA,Premium,2023-07-25,True
C11573,Ahmed Miller,Female,52,London,UK,Premium,2024-11-03,False
C11574,Emma Farooq,Male,38,Jeddah,Saudi Arabia,New,2023-06-08,True
C11575,Usman Smith,Female,35,Doha,Qatar,Regular,2023-07-22,True
C11576,Olivia Farooq,Male,61,Multan,Pakistan,Premium,2025-12-18,False
C11577,Faisal Wilson,Male,25,Madrid,Spain,Premium,2022-05-21,True
C11578,Olivia Smith,Male,59,Vancouver,Canada,VIP,2022-06-08,False
C11579,Ava Clark,Female,52,Jeddah,Saudi Arabia,Regular,2024-05-20,True
C11580,Tariq Anderson,Female,18,Faisalabad,Pakistan,Regular,2023-05-16,False
C11581,James Chaudhry,Female,30,Toronto,Canada,Regular,2025-07-21,False
C11582,Sana Williams,Female,38,Faisalabad,Pakistan,Regular,2025-03-04,False
C11583,Emma Ahmed,Female,24,Karachi,Pakistan,Premium,2021-05-05,True
C11584,Sara Clark,Male,18,Abu Dhabi,UAE,Regular,2024-10-24,False
C11585,Mariam Butt,Male,57,Paris,France,Premium,2023-05-18,False
C11586,Ali Anderson,Female,66,Multan,Pakistan,Regular,2022-07-07,True
C11587,Faisal Lewis,Female,69,Islamabad,Pakistan,Regular,2022-02-08,False
C11588,Kamran Lewis,Male,29,Riyadh,Saudi Arabia,New,2022-05-04,True
C11589,Noor Clark,Female,46,Doha,Qatar,Regular,2022-02-28,True
C11590,Kamran Raza,Female,57,Madrid,Spain,VIP,2024-01-18,False
C11591,Noor Wilson,Female,38,New York,USA,Regular,2022-09-20,False
C11592,Usman Johnson,Male,63,Vancouver,Canada,Regular,2024-12-22,False
C11593,Usman Shah,Female,40,Berlin,Germany,Regular,2022-04-23,False
C11594,Laila Miller,Male,61,Berlin,Germany,New,2022-04-21,True
C11595,Tariq Clark,Female,41,Lahore,Pakistan,Regular,2024-08-14,False
C11596,Noor Chaudhry,Female,32,Islamabad,Pakistan,Regular,2024-05-16,True
C11597,Emma Clark,Male,20,Riyadh,Saudi Arabia,New,2022-06-02,True
C11598,Ahmed Lewis,Male,34,Dubai,UAE,Regular,2021-05-15,True
C11599,Emma Williams,Female,29,Multan,Pakistan,Regular,2023-05-06,True
C11600,Laila Malik,Male,36,Islamabad,Pakistan,Premium,2022-07-06,True
C11601,Laila Ahmed,Male,67,Abu Dhabi,UAE,Regular,2021-03-18,True
C11602,David Johnson,Male,27,Chicago,USA,Premium,2024-03-08,True
C11603,David Chaudhry,Male,50,Dubai,UAE,Premium,2023-01-13,True
C11604,Sana Raza,Male,33,Karachi,Pakistan,New,2022-06-19,False
C11605,Kamran Iqbal,Male,63,Riyadh,Saudi Arabia,Regular,2024-11-20,True
C11606,Bilal Khan,Female,47,Berlin,Germany,Premium,2021-08-22,False
C11607,Sophia Brown,Female,59,Chicago,USA,New,2025-06-26,False
C11608,Ava Williams,Male,50,Los Angeles,USA,New,2023-03-26,True
C11609,Laila Johnson,Female,25,Islamabad,Pakistan,Premium,2022-07-13,False
C11610,Ali Smith,Female,30,Manchester,UK,VIP,2023-04-14,True
C11611,Olivia Raza,Female,43,Toronto,Canada,Regular,2024-01-08,False
C11612,Tariq Davis,Female,41,New York,USA,New,2023-08-05,False
C11613,Bilal Siddiqui,Female,41,Riyadh,Saudi Arabia,Regular,2021-08-13,False
C11614,Zara Johnson,Female,20,Vancouver,Canada,New,2021-08-03,False
C11615,Zara Wilson,Male,18,Abu Dhabi,UAE,New,2023-03-24,False
C11616,Imran Shah,Female,19,Lahore,Pakistan,Regular,2021-06-26,False
C11617,Omar Farooq,Female,21,Vancouver,Canada,VIP,2023-10-04,False
C11618,David Wilson,Male,60,Paris,France,VIP,2024-12-24,True
C11619,Omar Davis,Female,27,Berlin,Germany,Regular,2022-04-03,False
C11620,Mariam Malik,Male,37,Berlin,Germany,Regular,2023-03-07,False
C11621,Noor Raza,Female,53,Abu Dhabi,UAE,Premium,2025-04-01,True
C11622,Hassan Miller,Male,32,Karachi,Pakistan,Regular,2022-03-22,False
C11623,Emily Davis,Female,57,Islamabad,Pakistan,Premium,2021-06-28,False
C11624,Amina Anderson,Female,58,Toronto,Canada,Premium,2023-09-05,False
C11625,Mariam Khan,Female,48,Riyadh,Saudi Arabia,Regular,2025-09-10,False
C11626,Faisal Farooq,Female,24,Karachi,Pakistan,VIP,2024-09-08,True
C11627,Daniel Raza,Male,62,Madrid,Spain,Premium,2022-06-14,False
C11628,Omar Farooq,Male,33,Toronto,Canada,Regular,2024-08-22,True
C11629,Noor Brown,Female,27,Karachi,Pakistan,Regular,2023-01-11,False
C11630,Mariam Miller,Female,43,Doha,Qatar,Premium,2021-07-14,True
C11631,Laila Iqbal,Female,28,Riyadh,Saudi Arabia,Premium,2023-10-13,True
C11632,Ahmed Khan,Male,52,Islamabad,Pakistan,Regular,2021-02-26,True
C11633,Sana Iqbal,Male,26,Lahore,Pakistan,Regular,2021-06-22,False
C11634,Sara Iqbal,Female,39,Islamabad,Pakistan,Regular,2025-10-03,True
C11635,James Shah,Male,43,Lahore,Pakistan,VIP,2025-08-04,False
C11636,Laila Wilson,Male,57,Doha,Qatar,Regular,2025-02-15,False
C11637,Ayesha Miller,Male,62,Los Angeles,USA,Regular,2022-07-28,False
C11638,Olivia Davis,Female,50,New York,USA,Regular,2022-11-23,False
C11639,Olivia Farooq,Female,31,Riyadh,Saudi Arabia,Regular,2024-03-23,True
C11640,Sara Clark,Male,27,Islamabad,Pakistan,Regular,2021-08-05,True
C11641,David Smith,Female,55,Doha,Qatar,Regular,2021-08-14,False
C11642,Sophia Clark,Female,63,Chicago,USA,Regular,2021-08-21,True
C11643,Tariq Shah,Female,22,Dubai,UAE,Regular,2023-05-13,True
C11644,Emily Brown,Female,46,Madrid,Spain,Regular,2024-06-24,False
C11645,Emma Iqbal,Male,68,Toronto,Canada,Regular,2023-05-14,True
C11646,Bilal Malik,Male,33,London,UK,Premium,2024-08-09,True
C11647,Sara Khan,Female,63,Paris,France,Regular,2022-10-12,False
C11648,Sana Wilson,Male,31,Faisalabad,Pakistan,Regular,2021-11-22,False
C11649,Daniel Wilson,Male,45,Berlin,Germany,VIP,2025-12-26,True
C11650,Amina Farooq,Female,20,Toronto,Canada,Regular,2024-01-14,True
C11651,Ava Davis,Male,38,Paris,France,VIP,2024-04-15,False
C11652,James Butt,Female,43,Karachi,Pakistan,Regular,2023-09-08,True
C11653,Mariam Brown,Male,45,Madrid,Spain,Regular,2022-02-26,False
C11654,Noor Khan,Female,67,Chicago,USA,Premium,2025-01-16,True
C11655,Zara Siddiqui,Male,42,Chicago,USA,Premium,2025-06-06,True
C11656,Ahmed Smith,Male,48,Paris,France,Regular,2021-03-24,False
C11657,Emily Chaudhry,Female,28,Doha,Qatar,New,2022-04-24,True
C11658,David Farooq,Female,52,Faisalabad,Pakistan,Premium,2023-11-03,True
C11659,Emma Khan,Male,22,Faisalabad,Pakistan,VIP,2022-05-06,True
C11660,Ayesha Wilson,Female,50,London,UK,Regular,2024-11-20,False
C11661,Olivia Ahmed,Female,29,Manchester,UK,Regular,2021-04-18,False
C11662,Olivia Ahmed,Male,28,Vancouver,Canada,Regular,2021-03-17,True
C11663,Ali Smith,Female,68,Manchester,UK,VIP,2024-02-26,False
C11664,Usman Lewis,Female,67,Dubai,UAE,Premium,2022-12-03,True
C11665,David Davis,Female,38,Chicago,USA,Premium,2024-04-02,True
C11666,Ali Clark,Female,19,Abu Dhabi,UAE,New,2024-06-21,False
C11667,Omar Davis,Male,26,Lahore,Pakistan,VIP,2024-10-17,True
C11668,Sana Miller,Female,25,Multan,Pakistan,Premium,2025-01-26,False
C11669,Amina Williams,Female,20,Doha,Qatar,New,2022-01-10,True
C11670,Bilal Chaudhry,Female,44,Berlin,Germany,New,2023-09-12,True
C11671,Sophia Farooq,Female,19,Doha,Qatar,Regular,2024-05-11,True
C11672,Ava Wilson,Male,41,Multan,Pakistan,Regular,2021-05-25,False
C11673,Hina Clark,Male,55,Faisalabad,Pakistan,VIP,2023-04-02,False
C11674,David Anderson,Male,69,Chicago,USA,Premium,2023-10-28,False
C11675,Ayesha Brown,Male,37,Doha,Qatar,New,2025-07-03,False
C11676,Bilal Ahmed,Male,55,Karachi,Pakistan,Regular,2023-08-02,False
C11677,Amina Siddiqui,Female,28,Berlin,Germany,Premium,2023-09-26,True
C11678,Hina Iqbal,Male,58,London,UK,VIP,2021-08-07,True
C11679,Mariam Williams,Male,61,Los Angeles,USA,Premium,2022-05-19,True
C11680,Mariam Malik,Female,31,Chicago,USA,Premium,2024-07-07,False
C11681,Tariq Clark,Female,55,Multan,Pakistan,Regular,2023-04-20,True
C11682,John Lewis,Female,18,Jeddah,Saudi Arabia,New,2024-07-19,True
C11683,Faisal Iqbal,Male,60,Multan,Pakistan,Regular,2023-12-02,True
C11684,Sophia Ahmed,Female,26,Karachi,Pakistan,New,2022-05-04,True
C11685,James Khan,Female,24,Faisalabad,Pakistan,Regular,2022-08-05,True
C11686,Omar Williams,Female,60,Manchester,UK,Premium,2021-05-15,True
C11687,Tariq Johnson,Male,60,Abu Dhabi,UAE,New,2022-11-08,False
C11688,Noor Malik,Female,18,Jeddah,Saudi Arabia,Regular,2024-03-02,True
C11689,Zara Shah,Female,25,Los Angeles,USA,New,2024-03-10,False
C11690,David Khan,Female,68,Paris,France,VIP,2022-02-19,False
C11691,John Butt,Female,30,Doha,Qatar,Premium,2023-05-27,False
C11692,Hina Miller,Male,46,Jeddah,Saudi Arabia,New,2024-01-25,True
C11693,Mariam Anderson,Male,25,Berlin,Germany,Regular,2024-06-17,False
C11694,Emma Wilson,Female,65,Jeddah,Saudi Arabia,Regular,2021-02-19,True
C11695,Hassan Butt,Male,58,Doha,Qatar,Regular,2022-09-01,True
C11696,David Anderson,Female,54,London,UK,Regular,2021-08-07,True
C11697,Sophia Williams,Female,62,Doha,Qatar,VIP,2021-10-07,False
C11698,Faisal Johnson,Male,42,Toronto,Canada,Regular,2025-04-08,False
C11699,Fatima Miller,Male,52,London,UK,Regular,2021-04-14,True
C11700,Faisal Raza,Male,44,Faisalabad,Pakistan,New,2021-04-15,False
C11701,Ayesha Anderson,Female,63,Islamabad,Pakistan,Regular,2025-12-07,True
C11702,Sara Chaudhry,Male,55,Faisalabad,Pakistan,Regular,2023-05-21,False
C11703,Omar Butt,Male,23,Islamabad,Pakistan,VIP,2022-10-18,True
C11704,Michael Chaudhry,Male,60,New York,USA,VIP,2021-12-01,False
C11705,Daniel Smith,Male,23,Paris,France,Premium,2022-04-19,False
C11706,Michael Johnson,Female,66,Paris,France,Regular,2021-12-06,True
C11707,Ali Chaudhry,Male,29,Toronto,Canada,VIP,2021-04-24,True
C11708,James Shah,Male,26,Abu Dhabi,UAE,Regular,2022-01-22,False
C11709,Bilal Malik,Male,64,Vancouver,Canada,New,2022-04-12,False
C11710,Michael Ahmed,Male,48,Multan,Pakistan,Regular,2024-03-12,True
C11711,Emily Williams,Male,23,Dubai,UAE,VIP,2025-04-03,True
C11712,Noor Butt,Male,35,Faisalabad,Pakistan,Premium,2024-12-18,False
C11713,James Lewis,Male,46,Dubai,UAE,Regular,2024-10-27,False
C11714,Hassan Lewis,Male,64,London,UK,VIP,2023-01-07,False
C11715,David Anderson,Female,23,Berlin,Germany,New,2023-02-26,True
C11716,Sophia Anderson,Male,53,Riyadh,Saudi Arabia,Regular,2021-11-19,True
C11717,Hina Anderson,Male,69,Los Angeles,USA,Regular,2021-01-17,True
C11718,Amina Ahmed,Female,51,Chicago,USA,Premium,2022-05-09,False
C11719,James Iqbal,Male,45,Multan,Pakistan,Regular,2025-04-05,True
C11720,Bilal Lewis,Female,22,Los Angeles,USA,Regular,2021-11-18,True
C11721,Hina Chaudhry,Female,19,Madrid,Spain,Regular,2023-01-25,True
C11722,Ahmed Smith,Male,66,Lahore,Pakistan,Premium,2021-11-19,True
C11723,Sana Siddiqui,Female,68,Abu Dhabi,UAE,New,2021-11-12,True
C11724,Sophia Raza,Female,38,Lahore,Pakistan,Regular,2025-02-26,False
C11725,Hina Ahmed,Male,56,Jeddah,Saudi Arabia,Premium,2023-09-16,False
C11726,Ava Ahmed,Male,29,Los Angeles,USA,VIP,2024-05-17,True
C11727,Sana Malik,Female,47,Berlin,Germany,Regular,2023-10-02,True
C11728,Tariq Johnson,Female,23,Riyadh,Saudi Arabia,Regular,2023-09-09,True
C11729,Faisal Siddiqui,Male,44,Berlin,Germany,Regular,2024-05-17,True
C11730,Emily Malik,Female,37,Manchester,UK,VIP,2023-10-13,True
C11731,John Miller,Male,44,Karachi,Pakistan,Regular,2025-07-20,False
C11732,Olivia Khan,Male,26,Manchester,UK,Regular,2025-05-26,True
C11733,Hassan Wilson,Male,53,Berlin,Germany,New,2021-12-01,False
C11734,Amina Miller,Female,33,Dubai,UAE,Premium,2023-07-23,True
C11735,Tariq Chaudhry,Male,27,Islamabad,Pakistan,Premium,2025-03-23,False
C11736,Sophia Iqbal,Female,44,Doha,Qatar,Regular,2025-01-08,False
C11737,Sophia Wilson,Female,31,Manchester,UK,Regular,2022-05-03,False
C11738,Zara Brown,Male,40,Berlin,Germany,New,2021-06-25,False
C11739,Tariq Butt,Female,39,Dubai,UAE,Premium,2021-03-10,True
C11740,Sana Brown,Female,44,Islamabad,Pakistan,VIP,2021-05-17,True
C11741,Fatima Butt,Male,35,Faisalabad,Pakistan,Regular,2022-03-15,True
C11742,Zara Malik,Female,33,Karachi,Pakistan,Regular,2023-04-07,False
C11743,Hassan Clark,Female,63,Los Angeles,USA,Regular,2022-12-08,True
C11744,Ayesha Lewis,Female,51,Islamabad,Pakistan,Regular,2021-02-18,True
C11745,Mariam Clark,Male,58,Abu Dhabi,UAE,Premium,2025-08-07,True
C11746,Mariam Malik,Female,20,London,UK,Premium,2024-02-25,False
C11747,Ayesha Davis,Female,67,Berlin,Germany,Premium,2023-09-01,True
C11748,James Khan,Male,55,Abu Dhabi,UAE,Regular,2022-07-04,True
C11749,Ava Khan,Male,62,Los Angeles,USA,Regular,2025-08-21,False
C11750,James Lewis,Male,64,Doha,Qatar,New,2023-01-20,True
C11751,Laila Johnson,Male,21,Manchester,UK,Regular,2024-10-03,True
C11752,Zara Siddiqui,Female,32,Toronto,Canada,Regular,2025-09-16,False
C11753,Bilal Williams,Male,28,Toronto,Canada,VIP,2021-03-07,True
C11754,Kamran Chaudhry,Female,39,Riyadh,Saudi Arabia,Regular,2021-02-09,True
C11755,Imran Anderson,Female,65,Multan,Pakistan,Regular,2023-06-21,True
C11756,Sana Brown,Female,45,Riyadh,Saudi Arabia,New,2023-12-02,True
C11757,Noor Khan,Male,30,Multan,Pakistan,New,2021-01-17,True
C11758,Tariq Lewis,Male,70,Berlin,Germany,New,2023-01-13,True
C11759,Omar Shah,Male,29,Islamabad,Pakistan,VIP,2024-05-11,False
C11760,Imran Anderson,Male,45,Paris,France,Premium,2021-08-21,False
C11761,John Raza,Male,51,Chicago,USA,VIP,2024-05-24,True
C11762,Zara Anderson,Male,68,Riyadh,Saudi Arabia,Premium,2021-08-25,True
C11763,Mariam Miller,Male,44,Doha,Qatar,Regular,2023-04-21,False
C11764,Sara Siddiqui,Female,46,Faisalabad,Pakistan,Premium,2025-01-20,True
C11765,Faisal Clark,Male,69,Manchester,UK,Regular,2025-10-06,True
C11766,Faisal Iqbal,Female,66,Jeddah,Saudi Arabia,Premium,2024-10-20,False
C11767,Olivia Brown,Female,53,Toronto,Canada,Premium,2025-10-24,False
C11768,Zara Raza,Female,55,Los Angeles,USA,Regular,2021-10-08,True
C11769,Ayesha Farooq,Male,67,Toronto,Canada,Premium,2023-05-19,True
C11770,Ayesha Iqbal,Male,36,Abu Dhabi,UAE,VIP,2022-07-13,True
C11771,Michael Khan,Female,27,Vancouver,Canada,Regular,2024-02-15,False
C11772,Hina Shah,Female,53,Madrid,Spain,New,2021-12-08,True
C11773,Ava Johnson,Male,51,Vancouver,Canada,Regular,2023-09-25,True
C11774,Daniel Johnson,Female,60,Lahore,Pakistan,Regular,2023-03-23,False
C11775,Amina Raza,Female,55,Lahore,Pakistan,VIP,2023-09-22,True
C11776,Ahmed Anderson,Female,54,Jeddah,Saudi Arabia,Regular,2024-07-21,True
C11777,Amina Miller,Female,24,Lahore,Pakistan,Premium,2022-11-05,True
C11778,Faisal Smith,Male,34,London,UK,VIP,2025-05-13,True
C11779,Olivia Farooq,Female,58,Toronto,Canada,New,2022-01-27,True
C11780,Ali Khan,Female,56,Riyadh,Saudi Arabia,Regular,2024-07-03,True
C11781,Imran Shah,Male,23,Berlin,Germany,Premium,2021-10-11,True
C11782,Tariq Wilson,Male,57,Islamabad,Pakistan,Premium,2021-02-10,True
C11783,Kamran Williams,Male,58,Karachi,Pakistan,Premium,2023-10-15,False
C11784,Sophia Johnson,Male,58,Karachi,Pakistan,Regular,2022-01-16,False
C11785,Zara Brown,Male,21,Vancouver,Canada,Premium,2024-08-05,False
C11786,Laila Raza,Female,19,Multan,Pakistan,Premium,2024-02-24,False
C11787,Ava Malik,Male,54,Berlin,Germany,Premium,2024-10-03,False
C11788,Ava Wilson,Female,22,Berlin,Germany,New,2021-04-07,False
C11789,Ava Raza,Female,40,Islamabad,Pakistan,Premium,2022-03-07,False
C11790,Kamran Anderson,Male,47,Faisalabad,Pakistan,Regular,2024-03-22,True
C11791,Hina Khan,Female,25,Vancouver,Canada,Regular,2021-07-08,False
C11792,Sana Anderson,Female,42,Madrid,Spain,Regular,2022-04-15,True
C11793,Zara Chaudhry,Male,64,Doha,Qatar,New,2025-10-11,True
C11794,Zara Wilson,Male,70,Berlin,Germany,Regular,2022-05-10,True
C11795,Usman Chaudhry,Male,43,Madrid,Spain,Regular,2022-02-05,False
C11796,Hina Iqbal,Male,18,Los Angeles,USA,VIP,2024-11-03,False
C11797,James Iqbal,Male,58,Chicago,USA,Regular,2025-09-14,True
C11798,Omar Miller,Female,32,Chicago,USA,VIP,2025-04-28,True
C11799,Hina Anderson,Female,44,Los Angeles,USA,Regular,2021-04-19,False
C11800,Olivia Clark,Female,43,New York,USA,Premium,2021-02-15,False
C11801,Emma Miller,Male,43,Berlin,Germany,Premium,2021-03-28,True
C11802,Tariq Anderson,Male,23,Lahore,Pakistan,Premium,2023-03-06,True
C11803,Emily Iqbal,Male,43,London,UK,Premium,2023-11-12,True
C11804,Kamran Siddiqui,Female,43,Chicago,USA,Premium,2023-12-03,True
C11805,Bilal Smith,Female,47,Toronto,Canada,VIP,2021-01-18,False
C11806,Laila Lewis,Female,68,Paris,France,Premium,2022-01-06,True
C11807,Olivia Malik,Male,60,London,UK,VIP,2021-07-24,False
C11808,John Raza,Female,56,Doha,Qatar,Regular,2025-12-20,True
C11809,Fatima Davis,Female,69,Doha,Qatar,VIP,2021-01-23,False
C11810,Ava Iqbal,Male,52,Manchester,UK,Regular,2021-07-16,True
C11811,Ali Lewis,Female,35,Dubai,UAE,Regular,2025-02-20,True
C11812,Laila Anderson,Female,42,New York,USA,Premium,2024-10-19,False
C11813,Michael Raza,Male,38,New York,USA,Premium,2025-04-16,True
C11814,Emily Wilson,Male,43,London,UK,Premium,2025-11-21,True
C11815,Michael Chaudhry,Male,60,Karachi,Pakistan,New,2023-06-25,False
C11816,Omar Davis,Male,19,Vancouver,Canada,Premium,2024-03-09,True
C11817,Hassan Chaudhry,Male,51,Manchester,UK,Regular,2023-10-13,True
C11818,James Lewis,Female,29,Manchester,UK,Premium,2022-11-05,False
C11819,Emma Shah,Male,39,Riyadh,Saudi Arabia,Regular,2024-05-03,False
C11820,David Smith,Female,29,Chicago,USA,New,2022-06-13,True
C11821,Tariq Clark,Male,62,Dubai,UAE,Regular,2025-09-20,False
C11822,Emma Wilson,Male,53,Riyadh,Saudi Arabia,Premium,2021-06-12,True
C11823,Hassan Brown,Female,19,Los Angeles,USA,Premium,2024-08-25,False
C11824,Ali Shah,Female,58,Riyadh,Saudi Arabia,Premium,2023-11-17,True
C11825,Laila Miller,Male,21,New York,USA,Regular,2021-12-11,True
C11826,Ahmed Johnson,Male,43,Karachi,Pakistan,Regular,2023-06-10,False
C11827,James Smith,Male,24,London,UK,Regular,2021-03-12,True
C11828,Sophia Wilson,Male,33,New York,USA,VIP,2024-08-28,False
C11829,Laila Chaudhry,Male,62,Lahore,Pakistan,New,2021-02-10,True
C11830,Hina Davis,Female,57,Manchester,UK,Premium,2021-02-23,False
C11831,Laila Raza,Female,18,Karachi,Pakistan,Regular,2025-03-08,False
C11832,Daniel Raza,Female,53,Dubai,UAE,VIP,2024-07-14,True
C11833,Imran Williams,Female,52,Toronto,Canada,Regular,2023-05-28,True
C11834,Michael Smith,Female,65,New York,USA,New,2022-05-18,False
C11835,Fatima Smith,Female,29,Paris,France,Premium,2025-05-20,True
C11836,Omar Khan,Male,18,Paris,France,New,2021-01-05,False
C11837,Faisal Butt,Male,33,Riyadh,Saudi Arabia,Regular,2023-02-26,False
C11838,Usman Khan,Female,39,Islamabad,Pakistan,Regular,2023-09-07,False
C11839,Emily Siddiqui,Female,37,Dubai,UAE,Regular,2025-09-17,False
C11840,Laila Miller,Male,49,Toronto,Canada,New,2024-12-08,False
C11841,Sophia Farooq,Female,27,Madrid,Spain,Premium,2024-03-12,True
C11842,Usman Ahmed,Male,69,Doha,Qatar,VIP,2023-12-18,True
C11843,James Ahmed,Male,30,Abu Dhabi,UAE,Premium,2022-11-01,False
C11844,Sara Brown,Male,23,Islamabad,Pakistan,Premium,2025-07-09,False
C11845,Michael Anderson,Female,40,Abu Dhabi,UAE,Regular,2022-03-25,False
C11846,Michael Ahmed,Female,29,Los Angeles,USA,VIP,2024-06-16,False
C11847,Sophia Johnson,Female,48,Jeddah,Saudi Arabia,Regular,2023-03-28,True
C11848,Laila Ahmed,Female,42,Multan,Pakistan,New,2023-09-08,True
C11849,Amina Iqbal,Female,25,Karachi,Pakistan,Premium,2024-03-03,False
C11850,Kamran Shah,Male,19,Abu Dhabi,UAE,Regular,2022-03-05,True
C11851,Ayesha Williams,Female,60,Dubai,UAE,New,2024-02-21,False
C11852,Amina Raza,Male,28,Chicago,USA,Regular,2022-06-23,True
C11853,Usman Smith,Female,35,Chicago,USA,Regular,2025-08-24,False
C11854,Hina Brown,Female,33,Riyadh,Saudi Arabia,New,2024-10-11,False
C11855,Olivia Miller,Male,29,Toronto,Canada,New,2023-10-27,False
C11856,Faisal Iqbal,Female,22,Dubai,UAE,Regular,2021-06-08,False
C11857,Sophia Siddiqui,Male,49,New York,USA,Premium,2025-06-05,True
C11858,Ali Siddiqui,Male,68,Multan,Pakistan,Regular,2022-12-26,True
C11859,Hina Malik,Male,34,Abu Dhabi,UAE,VIP,2025-08-20,False
C11860,Imran Clark,Female,40,Los Angeles,USA,Premium,2025-12-24,False
C11861,Hina Butt,Female,21,Manchester,UK,VIP,2025-01-07,True
C11862,Mariam Brown,Male,70,Doha,Qatar,Premium,2023-10-11,True
C11863,Fatima Iqbal,Male,64,Islamabad,Pakistan,Premium,2024-02-01,True
C11864,David Clark,Female,60,Dubai,UAE,Regular,2025-05-07,False
C11865,Usman Malik,Male,18,Los Angeles,USA,Premium,2023-08-03,True
C11866,Ahmed Lewis,Male,27,New York,USA,Regular,2025-11-05,True
C11867,Hina Siddiqui,Female,44,Abu Dhabi,UAE,Regular,2021-11-05,True
C11868,David Ahmed,Male,25,Vancouver,Canada,Regular,2021-02-05,True
C11869,Laila Malik,Female,26,Faisalabad,Pakistan,Premium,2021-11-24,False
C11870,Ava Lewis,Male,20,Abu Dhabi,UAE,Regular,2022-04-14,False
C11871,Amina Khan,Male,47,Abu Dhabi,UAE,Premium,2023-11-26,False
C11872,Bilal Farooq,Male,24,Faisalabad,Pakistan,Regular,2025-01-26,False
C11873,Ava Smith,Male,54,Multan,Pakistan,Premium,2025-03-05,False
C11874,Ali Clark,Male,62,Multan,Pakistan,VIP,2024-06-24,False
C11875,Olivia Shah,Female,26,Lahore,Pakistan,VIP,2021-10-16,True
C11876,Kamran Siddiqui,Male,35,Riyadh,Saudi Arabia,Regular,2021-06-18,False
C11877,Tariq Farooq,Male,31,Manchester,UK,VIP,2025-05-03,True
C11878,Sana Malik,Female,25,Multan,Pakistan,Regular,2021-03-16,True
C11879,Hassan Malik,Male,56,New York,USA,Premium,2025-08-24,True
C11880,Emma Clark,Male,44,Paris,France,Regular,2024-03-28,False
C11881,Omar Smith,Female,28,Faisalabad,Pakistan,VIP,2025-11-21,True
C11882,Sara Butt,Male,25,Doha,Qatar,Regular,2022-06-13,False
C11883,Fatima Williams,Female,57,Madrid,Spain,Regular,2025-08-19,False
C11884,Noor Iqbal,Male,34,Doha,Qatar,Regular,2023-02-05,False
C11885,Ali Siddiqui,Male,53,Paris,France,Regular,2024-02-26,True
C11886,Ali Williams,Male,24,Abu Dhabi,UAE,Regular,2021-05-25,True
C11887,Noor Wilson,Male,52,Dubai,UAE,Regular,2024-02-26,False
C11888,Bilal Clark,Male,64,Faisalabad,Pakistan,Regular,2024-06-23,True
C11889,Usman Wilson,Male,44,Islamabad,Pakistan,Regular,2024-04-02,False
C11890,Ahmed Malik,Female,41,London,UK,New,2022-05-16,False
C11891,Hina Siddiqui,Male,19,Berlin,Germany,Regular,2022-07-06,False
C11892,Emily Johnson,Female,45,Los Angeles,USA,Premium,2025-10-09,False
C11893,Ayesha Anderson,Male,39,Abu Dhabi,UAE,Regular,2021-11-26,True
C11894,Hina Davis,Female,45,Berlin,Germany,New,2025-07-27,True
C11895,Faisal Ahmed,Male,26,Manchester,UK,Premium,2021-08-01,True
C11896,Tariq Williams,Female,24,Jeddah,Saudi Arabia,Regular,2021-06-21,True
C11897,Sara Davis,Female,60,Faisalabad,Pakistan,Regular,2021-05-02,True
C11898,Mariam Anderson,Male,70,Toronto,Canada,Premium,2023-12-28,False
C11899,Omar Butt,Male,38,Lahore,Pakistan,VIP,2025-01-09,True
C11900,John Lewis,Female,43,Doha,Qatar,VIP,2025-09-16,True
C11901,Kamran Clark,Female,61,Abu Dhabi,UAE,Regular,2021-07-13,False
C11902,Ava Brown,Male,27,Paris,France,Regular,2021-05-02,False
C11903,Hassan Butt,Male,29,Toronto,Canada,VIP,2024-07-06,True
C11904,Laila Farooq,Male,57,Toronto,Canada,Regular,2025-01-03,False
C11905,Emma Raza,Male,31,Paris,France,Regular,2022-09-15,True
C11906,Noor Malik,Male,60,Islamabad,Pakistan,Premium,2021-01-21,False
C11907,Olivia Ahmed,Male,41,Chicago,USA,Premium,2021-10-19,False
C11908,Ahmed Davis,Male,64,Faisalabad,Pakistan,VIP,2022-09-21,False
C11909,James Ahmed,Female,34,Lahore,Pakistan,Regular,2025-03-06,True
C11910,Imran Wilson,Male,54,Manchester,UK,New,2024-09-12,False
C11911,Hina Malik,Male,34,Chicago,USA,Premium,2021-07-16,False
C11912,James Iqbal,Male,42,Islamabad,Pakistan,Premium,2024-05-20,False
C11913,Ava Iqbal,Female,61,Islamabad,Pakistan,VIP,2021-05-26,True
C11914,Amina Wilson,Male,47,Paris,France,Premium,2025-07-19,False
C11915,Sara Clark,Female,32,Jeddah,Saudi Arabia,Premium,2021-05-26,True
C11916,Ayesha Johnson,Female,20,Paris,France,Regular,2025-09-21,True
C11917,Zara Anderson,Male,39,New York,USA,Premium,2022-06-04,False
C11918,Hina Farooq,Male,56,Berlin,Germany,New,2025-12-21,False
C11919,Tariq Anderson,Male,64,Berlin,Germany,Regular,2025-10-14,True
C11920,Imran Farooq,Male,22,Madrid,Spain,Regular,2023-03-18,False
C11921,Bilal Iqbal,Female,55,Berlin,Germany,VIP,2021-11-14,False
C11922,Bilal Khan,Male,35,Chicago,USA,Premium,2025-09-23,True
C11923,Daniel Williams,Male,34,Karachi,Pakistan,Regular,2025-03-25,False
C11924,Ahmed Williams,Male,57,Toronto,Canada,VIP,2025-02-10,True
C11925,Faisal Butt,Female,60,Faisalabad,Pakistan,VIP,2022-10-21,True
C11926,Ayesha Butt,Male,48,Paris,France,Premium,2022-01-11,True
C11927,Ava Chaudhry,Female,53,Karachi,Pakistan,Premium,2022-07-11,True
C11928,Ava Chaudhry,Female,49,Manchester,UK,Regular,2022-02-20,True
C11929,John Malik,Male,62,London,UK,Regular,2024-01-26,False
C11930,Sana Miller,Male,67,Islamabad,Pakistan,Premium,2024-12-09,True
C11931,Ava Khan,Female,47,Chicago,USA,VIP,2025-03-04,False
C11932,Hassan Williams,Male,68,Madrid,Spain,Regular,2021-06-20,True
C11933,Hassan Anderson,Female,57,Berlin,Germany,Premium,2024-10-26,True
C11934,Michael Lewis,Female,37,Berlin,Germany,New,2025-07-19,False
C11935,Omar Clark,Female,38,London,UK,VIP,2021-01-04,True
C11936,Sophia Lewis,Male,21,Multan,Pakistan,VIP,2025-08-12,True
C11937,Fatima Siddiqui,Male,48,Karachi,Pakistan,Regular,2024-11-24,True
C11938,Amina Anderson,Female,31,Vancouver,Canada,Regular,2022-04-14,True
C11939,Faisal Chaudhry,Female,41,Los Angeles,USA,Premium,2021-07-16,True
C11940,Laila Clark,Female,69,Lahore,Pakistan,Regular,2021-09-19,False
C11941,Zara Brown,Female,61,Karachi,Pakistan,New,2022-12-28,False
C11942,Noor Malik,Female,68,New York,USA,Regular,2024-03-01,False
C11943,Emma Johnson,Female,66,Paris,France,Regular,2023-09-01,False
C11944,Mariam Shah,Male,45,London,UK,Regular,2023-06-09,False
C11945,Emma Iqbal,Female,39,Multan,Pakistan,Premium,2024-01-04,False
C11946,Laila Johnson,Male,21,Vancouver,Canada,Regular,2023-11-14,True
C11947,Hina Raza,Female,29,Faisalabad,Pakistan,New,2022-08-14,False
C11948,Tariq Raza,Female,57,Doha,Qatar,Regular,2024-01-04,True
C11949,Michael Siddiqui,Male,41,Jeddah,Saudi Arabia,New,2022-09-27,False
C11950,John Brown,Male,18,Los Angeles,USA,VIP,2025-09-01,True
C11951,Imran Brown,Female,63,Toronto,Canada,Regular,2024-09-05,True
C11952,Faisal Lewis,Female,46,Dubai,UAE,New,2021-01-26,False
C11953,Michael Williams,Female,28,Multan,Pakistan,Premium,2024-07-03,True
C11954,Sara Shah,Female,32,Dubai,UAE,Premium,2021-08-11,True
C11955,Michael Clark,Female,66,Manchester,UK,Premium,2024-08-18,False
C11956,Hassan Wilson,Male,37,Manchester,UK,Regular,2022-11-18,True
C11957,Daniel Chaudhry,Female,69,London,UK,VIP,2025-05-02,True
C11958,Zara Johnson,Female,59,Jeddah,Saudi Arabia,Regular,2024-12-05,True
C11959,Bilal Shah,Male,63,Faisalabad,Pakistan,New,2021-05-25,False
C11960,Kamran Davis,Female,66,Islamabad,Pakistan,Regular,2025-11-10,True
C11961,Ali Shah,Female,61,Dubai,UAE,Regular,2024-02-16,False
C11962,Sara Ahmed,Female,33,Chicago,USA,VIP,2021-05-11,True
C11963,Laila Butt,Female,64,Berlin,Germany,Premium,2021-03-09,True
C11964,Daniel Farooq,Male,20,Riyadh,Saudi Arabia,New,2023-12-26,True
C11965,Michael Brown,Female,48,Islamabad,Pakistan,Premium,2025-09-03,False
C11966,Hassan Chaudhry,Female,60,Dubai,UAE,New,2023-05-09,False
C11967,Usman Anderson,Female,62,Chicago,USA,Regular,2021-10-20,True
C11968,Ayesha Khan,Female,33,Chicago,USA,Premium,2024-02-05,False
C11969,Emily Chaudhry,Female,69,Los Angeles,USA,Premium,2025-10-14,True
C11970,Zara Smith,Female,55,Karachi,Pakistan,Premium,2025-08-04,False
C11971,Hassan Brown,Male,20,Multan,Pakistan,VIP,2024-12-20,False
C11972,Hassan Raza,Male,53,Dubai,UAE,Premium,2023-10-15,True
C11973,Mariam Clark,Male,27,Riyadh,Saudi Arabia,New,2025-11-22,False
C11974,Ava Iqbal,Male,29,Berlin,Germany,Premium,2021-09-02,True
C11975,Ayesha Malik,Male,18,Multan,Pakistan,Regular,2022-03-01,True
C11976,Tariq Davis,Female,42,Los Angeles,USA,Regular,2021-01-17,False
C11977,Ali Anderson,Male,70,Faisalabad,Pakistan,Regular,2024-06-13,True
C11978,Ava Butt,Female,38,Karachi,Pakistan,Premium,2023-11-03,True
C11979,Noor Anderson,Male,30,Jeddah,Saudi Arabia,Regular,2024-07-28,False
C11980,Ali Shah,Male,47,Karachi,Pakistan,VIP,2021-07-06,True
C11981,Omar Clark,Female,46,Jeddah,Saudi Arabia,VIP,2023-06-01,True
C11982,Daniel Brown,Female,35,Paris,France,Regular,2024-01-21,False
C11983,Emma Ahmed,Male,63,Doha,Qatar,VIP,2023-04-10,True
C11984,Omar Siddiqui,Female,57,Chicago,USA,VIP,2024-10-09,False
C11985,Laila Khan,Female,67,Los Angeles,USA,Premium,2021-04-14,False
C11986,Zara Anderson,Male,42,Abu Dhabi,UAE,Premium,2025-10-19,False
C11987,Laila Davis,Male,51,Berlin,Germany,Regular,2022-07-18,True
C11988,Emily Miller,Male,41,Los Angeles,USA,Regular,2024-10-14,True
C11989,Emma Ahmed,Female,42,Madrid,Spain,Regular,2023-10-08,True
C11990,Bilal Williams,Female,47,Islamabad,Pakistan,VIP,2021-11-17,True
C11991,Zara Ahmed,Male,66,Lahore,Pakistan,New,2024-10-12,True
C11992,Fatima Smith,Female,25,Madrid,Spain,Regular,2021-08-10,True
C11993,Zara Brown,Male,68,New York,USA,Regular,2022-09-22,True
C11994,Laila Clark,Female,26,Islamabad,Pakistan,Regular,2023-03-06,True
C11995,Omar Wilson,Male,46,New York,USA,Regular,2025-12-09,False
C11996,Ayesha Anderson,Female,61,Multan,Pakistan,Regular,2023-08-27,True
C11997,David Wilson,Male,18,Paris,France,VIP,2023-03-05,False
C11998,Michael Clark,Male,64,Lahore,Pakistan,Regular,2024-11-13,True
C11999,Hassan Malik,Female,28,Paris,France,Regular,2023-03-09,False
C12000,Hina Anderson,Female,64,Los Angeles,USA,New,2022-05-01,True
C12001,Imran Wilson,Male,28,New York,USA,Premium,2021-12-15,True
C12002,Noor Ahmed,Female,52,Multan,Pakistan,New,2021-06-01,False
C12003,Olivia Johnson,Male,23,Karachi,Pakistan,Regular,2021-06-01,True
C12004,James Ahmed,Female,29,Faisalabad,Pakistan,Regular,2024-12-02,False
C12005,Sara Clark,Male,30,Madrid,Spain,Regular,2022-08-03,False
C12006,Emily Khan,Male,48,London,UK,Regular,2025-12-27,True
C12007,Olivia Farooq,Female,62,Toronto,Canada,Regular,2025-11-05,False
C12008,Amina Clark,Male,44,Toronto,Canada,Regular,2024-10-09,False
C12009,Noor Ahmed,Male,48,Faisalabad,Pakistan,Regular,2024-05-26,True
C12010,Sara Chaudhry,Female,20,Islamabad,Pakistan,Regular,2022-09-22,False
C12011,Ahmed Davis,Female,31,Dubai,UAE,New,2022-12-12,False
C12012,David Butt,Female,27,Los Angeles,USA,Regular,2023-01-13,False
C12013,Sara Williams,Female,30,Paris,France,Premium,2025-04-23,False
C12014,Imran Shah,Female,29,Chicago,USA,Regular,2023-04-13,False
C12015,Amina Malik,Female,39,Multan,Pakistan,Regular,2024-08-09,True
C12016,Kamran Lewis,Female,40,Manchester,UK,Regular,2024-07-06,True
C12017,Sophia Khan,Male,52,Dubai,UAE,New,2025-06-04,True
C12018,Sophia Khan,Male,32,Doha,Qatar,Regular,2024-02-04,False
C12019,Ayesha Lewis,Male,27,Berlin,Germany,Regular,2025-05-23,False
C12020,Emily Iqbal,Male,58,Karachi,Pakistan,Regular,2024-12-20,False
C12021,James Chaudhry,Male,61,London,UK,Regular,2022-01-03,True
C12022,Daniel Smith,Female,21,Madrid,Spain,Regular,2022-07-25,True
C12023,Ayesha Smith,Male,64,London,UK,New,2021-06-26,False
C12024,Omar Malik,Female,36,Vancouver,Canada,Regular,2024-08-04,False
C12025,Kamran Lewis,Male,40,Multan,Pakistan,Premium,2022-10-22,False
C12026,Emily Ahmed,Male,18,Riyadh,Saudi Arabia,New,2021-05-22,True
C12027,Usman Clark,Male,18,Lahore,Pakistan,Regular,2023-03-02,True
C12028,Imran Lewis,Female,22,Karachi,Pakistan,Regular,2024-05-21,True
C12029,Daniel Lewis,Male,52,London,UK,Regular,2022-04-12,False
C12030,Fatima Brown,Male,20,Karachi,Pakistan,Regular,2022-08-19,True
C12031,Faisal Williams,Male,22,Berlin,Germany,Premium,2021-12-15,False
C12032,David Butt,Female,50,Karachi,Pakistan,Regular,2023-11-05,True
C12033,Emma Farooq,Female,55,Toronto,Canada,Premium,2022-06-28,True
C12034,Tariq Miller,Female,42,Lahore,Pakistan,VIP,2021-03-11,False
C12035,Hina Johnson,Male,22,Abu Dhabi,UAE,Regular,2021-07-11,False
C12036,Hina Farooq,Male,47,Berlin,Germany,Premium,2022-03-19,True
C12037,Michael Raza,Male,68,Toronto,Canada,Regular,2022-06-28,True
C12038,Sophia Malik,Male,59,Lahore,Pakistan,New,2021-07-27,True
C12039,Ali Anderson,Female,50,Riyadh,Saudi Arabia,Regular,2023-01-05,True
C12040,Tariq Davis,Male,68,Berlin,Germany,Regular,2021-01-10,False
C12041,David Clark,Female,38,London,UK,New,2024-03-03,True
C12042,David Williams,Female,28,Toronto,Canada,Regular,2025-04-27,True
C12043,Olivia Khan,Male,47,Dubai,UAE,Regular,2024-09-06,True
C12044,Kamran Khan,Male,18,Madrid,Spain,New,2023-02-03,False
C12045,Michael Anderson,Male,29,Riyadh,Saudi Arabia,Regular,2022-12-06,True
C12046,Ahmed Johnson,Male,51,Dubai,UAE,Premium,2025-08-24,True
C12047,Ayesha Williams,Male,67,Toronto,Canada,Regular,2023-07-07,False
C12048,Amina Ahmed,Female,54,Chicago,USA,Premium,2023-12-16,True
C12049,Amina Wilson,Male,63,Berlin,Germany,Regular,2021-06-08,False
C12050,Emma Shah,Male,53,Vancouver,Canada,New,2025-10-05,False
C12051,Hassan Smith,Female,21,Los Angeles,USA,Premium,2022-09-05,True
C12052,Ali Malik,Male,53,Dubai,UAE,Regular,2024-05-18,True
C12053,Emily Raza,Male,34,Multan,Pakistan,Regular,2022-05-16,False
C12054,Ava Wilson,Male,22,Multan,Pakistan,Regular,2022-06-19,True
C12055,Sophia Khan,Male,20,Multan,Pakistan,Premium,2021-01-09,True
C12056,Bilal Davis,Female,40,Multan,Pakistan,New,2022-03-23,True
C12057,Michael Shah,Male,67,Manchester,UK,VIP,2022-09-03,False
C12058,Noor Chaudhry,Female,30,Karachi,Pakistan,Regular,2023-01-12,True
C12059,Kamran Johnson,Female,55,Madrid,Spain,Regular,2024-09-08,True
C12060,John Iqbal,Male,44,Lahore,Pakistan,Premium,2021-11-24,True
C12061,Tariq Lewis,Male,28,Doha,Qatar,Premium,2024-09-07,True
C12062,Mariam Anderson,Female,22,Jeddah,Saudi Arabia,Premium,2021-07-06,True
C12063,Olivia Shah,Male,44,Islamabad,Pakistan,Regular,2025-09-02,False
C12064,Daniel Johnson,Female,43,Chicago,USA,Regular,2024-01-13,True
C12065,Ahmed Clark,Female,41,Multan,Pakistan,Regular,2024-05-19,False
C12066,John Malik,Female,45,Doha,Qatar,Regular,2023-04-22,False
C12067,Michael Butt,Female,40,Abu Dhabi,UAE,Regular,2025-11-20,False
C12068,Usman Raza,Male,42,Madrid,Spain,Regular,2022-02-03,False
C12069,Usman Williams,Male,65,Jeddah,Saudi Arabia,Regular,2022-11-18,False
C12070,Ayesha Wilson,Male,52,Multan,Pakistan,Premium,2023-10-22,True
C12071,Bilal Butt,Female,70,Paris,France,Premium,2025-11-20,False
C12072,Usman Anderson,Female,69,Riyadh,Saudi Arabia,Regular,2023-03-24,False
C12073,Daniel Johnson,Male,41,Dubai,UAE,Premium,2024-04-08,False
C12074,Olivia Butt,Male,23,Karachi,Pakistan,Premium,2022-06-28,False
C12075,Fatima Chaudhry,Female,47,Lahore,Pakistan,VIP,2024-07-23,False
C12076,Olivia Davis,Female,55,London,UK,Premium,2024-12-26,False
C12077,Fatima Butt,Female,41,Abu Dhabi,UAE,Premium,2023-05-13,False
C12078,Tariq Ahmed,Female,31,Los Angeles,USA,New,2025-03-03,True
C12079,Fatima Khan,Male,54,Doha,Qatar,Regular,2023-10-10,True
C12080,David Brown,Male,38,Dubai,UAE,VIP,2023-06-19,False
C12081,Emma Davis,Male,25,Doha,Qatar,New,2024-04-01,False
C12082,Mariam Johnson,Male,35,Multan,Pakistan,Regular,2023-02-27,False
C12083,John Anderson,Male,33,Jeddah,Saudi Arabia,VIP,2021-03-14,True
C12084,Daniel Farooq,Male,63,London,UK,VIP,2023-08-19,False
C12085,Mariam Siddiqui,Male,19,Madrid,Spain,Premium,2022-11-24,True
C12086,James Johnson,Male,27,Los Angeles,USA,New,2024-02-12,False
C12087,Hassan Smith,Male,31,Chicago,USA,Regular,2021-11-09,True
C12088,Olivia Davis,Female,35,Los Angeles,USA,VIP,2024-11-22,False
C12089,Sana Shah,Male,59,Faisalabad,Pakistan,New,2021-11-01,False
C12090,Mariam Davis,Female,46,Multan,Pakistan,Regular,2023-07-13,False
C12091,Usman Davis,Male,25,Abu Dhabi,UAE,Regular,2024-01-21,True
C12092,James Davis,Male,19,Multan,Pakistan,New,2023-06-11,True
C12093,Ava Raza,Female,61,Lahore,Pakistan,Regular,2021-03-03,False
C12094,Kamran Shah,Male,45,London,UK,Regular,2022-05-08,True
C12095,Imran Ahmed,Female,28,Berlin,Germany,New,2022-04-04,True
C12096,Fatima Johnson,Male,51,Vancouver,Canada,VIP,2024-03-24,True
C12097,Faisal Miller,Male,40,Dubai,UAE,Regular,2025-06-20,False
C12098,Bilal Iqbal,Male,58,Riyadh,Saudi Arabia,Premium,2022-08-08,True
C12099,Laila Iqbal,Male,36,Vancouver,Canada,Regular,2025-08-23,True
C12100,Bilal Butt,Female,45,Riyadh,Saudi Arabia,Regular,2023-06-02,False
C12101,Ava Malik,Female,20,Islamabad,Pakistan,Premium,2024-07-20,False
C12102,Olivia Iqbal,Male,42,Los Angeles,USA,Regular,2021-01-16,True
C12103,Ayesha Johnson,Male,53,Berlin,Germany,Premium,2022-11-06,True
C12104,Ava Chaudhry,Female,67,Paris,France,Regular,2024-04-11,False
C12105,Bilal Shah,Male,62,Multan,Pakistan,New,2023-03-06,True
C12106,Zara Chaudhry,Male,40,Vancouver,Canada,Premium,2021-11-28,True
C12107,Sophia Johnson,Female,21,Dubai,UAE,Regular,2022-10-11,True
C12108,Daniel Brown,Male,58,Karachi,Pakistan,VIP,2023-08-28,True
C12109,Amina Malik,Female,43,Faisalabad,Pakistan,Premium,2021-08-09,True
C12110,Sana Smith,Male,53,Lahore,Pakistan,New,2022-02-21,False
C12111,Daniel Ahmed,Male,67,Lahore,Pakistan,Regular,2022-07-22,True
C12112,Emily Brown,Male,54,Doha,Qatar,VIP,2025-08-22,False
C12113,Omar Chaudhry,Female,20,Islamabad,Pakistan,Regular,2024-05-19,True
C12114,Fatima Ahmed,Female,64,Islamabad,Pakistan,Regular,2022-02-19,False
C12115,Hassan Khan,Male,54,Paris,France,Premium,2023-10-07,False
C12116,Sana Johnson,Male,21,Chicago,USA,Regular,2024-01-26,True
C12117,Hina Williams,Male,60,Jeddah,Saudi Arabia,Regular,2021-10-28,False
C12118,Sophia Ahmed,Male,37,Multan,Pakistan,Regular,2021-04-19,True
C12119,Tariq Davis,Female,43,Vancouver,Canada,Regular,2024-09-16,True
C12120,Noor Miller,Female,32,Dubai,UAE,Regular,2021-10-25,True
C12121,John Brown,Male,47,Madrid,Spain,New,2022-12-19,False
C12122,Fatima Butt,Male,58,Paris,France,Premium,2025-12-23,False
C12123,Laila Ahmed,Female,39,Faisalabad,Pakistan,Regular,2022-01-17,False
C12124,Ayesha Raza,Male,28,Riyadh,Saudi Arabia,Regular,2022-02-12,True
C12125,Olivia Brown,Female,36,New York,USA,Premium,2023-08-26,False
C12126,Michael Malik,Male,26,Lahore,Pakistan,Regular,2024-09-15,False
C12127,Amina Williams,Female,43,Doha,Qatar,Regular,2023-08-19,False
C12128,Noor Shah,Female,40,Islamabad,Pakistan,Regular,2023-01-09,False
C12129,Noor Butt,Female,38,Lahore,Pakistan,Premium,2021-08-07,True
C12130,Hassan Clark,Female,57,Berlin,Germany,Regular,2025-08-15,True
C12131,John Johnson,Male,54,Toronto,Canada,Premium,2021-04-11,True
C12132,Faisal Davis,Male,29,Manchester,UK,Regular,2021-02-06,True
C12133,Emily Shah,Female,37,Paris,France,Regular,2024-02-28,False
C12134,Ava Wilson,Female,57,Doha,Qatar,Regular,2025-05-14,False
C12135,Omar Chaudhry,Female,65,Doha,Qatar,Regular,2022-12-09,True
C12136,Ayesha Brown,Male,66,Vancouver,Canada,Premium,2023-12-28,False
C12137,Kamran Farooq,Male,54,Toronto,Canada,New,2023-07-09,True
C12138,Hina Raza,Male,21,Chicago,USA,Premium,2025-09-14,True
C12139,Sophia Shah,Female,24,New York,USA,Regular,2025-02-01,False
C12140,Michael Iqbal,Male,48,Karachi,Pakistan,VIP,2022-08-11,False
C12141,Usman Farooq,Female,41,Manchester,UK,Regular,2025-10-05,True
C12142,Ali Malik,Female,35,Riyadh,Saudi Arabia,Premium,2021-05-13,True
C12143,Mariam Clark,Male,70,Vancouver,Canada,Regular,2022-12-28,False
C12144,David Siddiqui,Male,64,Multan,Pakistan,New,2021-06-28,False
C12145,Michael Lewis,Female,30,Los Angeles,USA,Regular,2023-06-21,False
C12146,Noor Ahmed,Male,22,Chicago,USA,Regular,2021-06-18,False
C12147,Michael Smith,Female,42,Jeddah,Saudi Arabia,Regular,2022-02-08,False
C12148,Zara Iqbal,Male,44,Abu Dhabi,UAE,Regular,2021-11-24,True
C12149,Usman Farooq,Female,36,Riyadh,Saudi Arabia,Regular,2021-07-07,True
C12150,Mariam Davis,Female,50,Doha,Qatar,Premium,2021-11-26,False
C12151,Sara Anderson,Female,63,Lahore,Pakistan,Premium,2025-03-19,False
C12152,Sara Raza,Male,59,Toronto,Canada,Premium,2024-08-15,False
C12153,Hassan Shah,Male,37,Madrid,Spain,Regular,2021-06-02,True
C12154,Olivia Johnson,Male,28,Chicago,USA,Regular,2022-09-20,False
C12155,Omar Iqbal,Female,66,Berlin,Germany,Regular,2024-03-07,True
C12156,Bilal Lewis,Male,18,Los Angeles,USA,Regular,2022-03-11,False
C12157,Usman Shah,Male,32,Faisalabad,Pakistan,Regular,2025-04-09,False
C12158,Ahmed Siddiqui,Female,68,Madrid,Spain,Regular,2024-01-15,False
C12159,Laila Lewis,Female,66,New York,USA,VIP,2022-04-24,True
C12160,John Johnson,Male,21,Jeddah,Saudi Arabia,Regular,2022-03-08,False
C12161,Mariam Khan,Male,35,Dubai,UAE,Premium,2024-03-02,True
C12162,Kamran Ahmed,Male,23,Doha,Qatar,Regular,2025-03-06,True
C12163,Daniel Johnson,Male,46,Karachi,Pakistan,VIP,2023-12-14,False
C12164,Sophia Siddiqui,Female,59,Madrid,Spain,Premium,2025-08-11,False
C12165,Laila Lewis,Male,34,Faisalabad,Pakistan,Regular,2024-06-21,True
C12166,Bilal Miller,Male,39,Madrid,Spain,Premium,2025-02-06,True
C12167,Sara Clark,Female,42,Vancouver,Canada,Regular,2023-09-10,False
C12168,Mariam Miller,Male,58,Multan,Pakistan,Regular,2025-10-25,True
C12169,Bilal Ahmed,Male,21,Faisalabad,Pakistan,Regular,2022-08-17,True
C12170,Michael Anderson,Female,69,Manchester,UK,New,2022-10-02,True
C12171,Emma Miller,Female,62,Karachi,Pakistan,Regular,2024-11-08,True
C12172,Faisal Lewis,Female,62,Faisalabad,Pakistan,Regular,2023-10-11,True
C12173,Hina Iqbal,Male,49,Faisalabad,Pakistan,New,2024-12-09,True
C12174,Kamran Iqbal,Male,19,Chicago,USA,Regular,2022-05-05,True
C12175,Hina Brown,Female,61,Berlin,Germany,VIP,2021-10-21,False
C12176,Sophia Khan,Male,30,Abu Dhabi,UAE,New,2022-05-10,False
C12177,Imran Wilson,Female,50,Doha,Qatar,Premium,2021-06-01,False
C12178,Olivia Iqbal,Male,41,Lahore,Pakistan,Premium,2024-07-25,False
C12179,David Smith,Male,68,Vancouver,Canada,Premium,2021-08-09,True
C12180,John Shah,Male,56,Paris,France,Premium,2024-07-08,False
C12181,Ava Miller,Female,38,Madrid,Spain,VIP,2022-03-12,True
C12182,Ahmed Brown,Female,52,Paris,France,Regular,2021-10-05,True
C12183,Sophia Iqbal,Male,55,Toronto,Canada,Regular,2023-02-11,False
C12184,Bilal Clark,Female,38,Karachi,Pakistan,VIP,2022-12-19,False
C12185,Mariam Davis,Male,59,Paris,France,Regular,2022-10-24,False
C12186,Noor Brown,Male,39,Karachi,Pakistan,Premium,2022-10-17,True
C12187,Ayesha Shah,Male,64,London,UK,Regular,2025-11-18,True
C12188,Faisal Anderson,Male,63,Jeddah,Saudi Arabia,New,2021-02-27,True
C12189,Ayesha Iqbal,Male,41,Multan,Pakistan,Premium,2022-09-22,True
C12190,Bilal Williams,Female,52,Chicago,USA,Regular,2023-07-10,True
C12191,Ayesha Wilson,Female,34,Toronto,Canada,Premium,2021-01-13,False
C12192,James Khan,Male,68,Multan,Pakistan,Regular,2023-10-17,False
C12193,Sana Butt,Female,51,Los Angeles,USA,Regular,2024-12-13,False
C12194,Sophia Farooq,Male,56,Berlin,Germany,Regular,2023-03-07,False
C12195,Laila Raza,Female,69,Faisalabad,Pakistan,Regular,2022-02-07,True
C12196,Michael Ahmed,Male,36,Doha,Qatar,Regular,2021-05-18,True
C12197,Sophia Miller,Male,23,Doha,Qatar,Regular,2021-10-15,True
C12198,Laila Lewis,Female,54,Toronto,Canada,Premium,2024-02-21,True
C12199,Ayesha Anderson,Male,21,Abu Dhabi,UAE,Regular,2025-07-14,False
C12200,Michael Khan,Male,18,Dubai,UAE,Regular,2021-04-24,True
C12201,Usman Anderson,Female,30,London,UK,New,2025-01-11,True
C12202,Hassan Butt,Male,53,Dubai,UAE,Premium,2023-06-18,True
C12203,Hina Clark,Male,21,Vancouver,Canada,Regular,2024-09-23,False
C12204,David Williams,Male,32,Madrid,Spain,Regular,2022-09-07,False
C12205,James Miller,Female,65,Abu Dhabi,UAE,Regular,2022-06-21,True
C12206,Hina Brown,Female,24,Berlin,Germany,Regular,2025-09-10,True
C12207,Usman Raza,Male,30,Islamabad,Pakistan,New,2021-12-20,True
C12208,Emma Wilson,Male,40,Chicago,USA,New,2021-08-24,True
C12209,Omar Khan,Female,48,New York,USA,Regular,2025-02-21,True
C12210,James Clark,Male,18,Manchester,UK,Premium,2024-09-17,True
C12211,David Ahmed,Male,47,Riyadh,Saudi Arabia,Premium,2023-07-04,False
C12212,Fatima Clark,Female,55,Faisalabad,Pakistan,New,2025-11-08,False
C12213,Hina Khan,Male,62,New York,USA,Regular,2023-06-23,False
C12214,David Iqbal,Female,54,Berlin,Germany,VIP,2025-03-11,False
C12215,Laila Wilson,Male,39,Doha,Qatar,Regular,2022-10-09,False
C12216,Sophia Farooq,Male,55,Madrid,Spain,New,2021-01-15,False
C12217,David Lewis,Female,45,Multan,Pakistan,Premium,2024-05-03,False
C12218,Tariq Miller,Male,53,Vancouver,Canada,Regular,2025-10-15,False
C12219,Amina Johnson,Female,43,Jeddah,Saudi Arabia,Regular,2024-09-07,False
C12220,Kamran Butt,Female,47,Paris,France,Premium,2021-11-11,True
C12221,Amina Anderson,Male,42,Toronto,Canada,Regular,2024-10-18,True
C12222,Omar Khan,Male,60,Doha,Qatar,Premium,2023-07-01,False
C12223,James Malik,Male,43,Faisalabad,Pakistan,Regular,2022-08-02,False
C12224,Amina Lewis,Male,19,Doha,Qatar,VIP,2024-03-09,False
C12225,Ayesha Butt,Male,53,Los Angeles,USA,New,2023-10-18,True
C12226,Sana Farooq,Male,57,London,UK,Premium,2021-08-09,True
C12227,Noor Butt,Male,27,Manchester,UK,New,2025-08-26,False
C12228,Ali Shah,Male,61,Karachi,Pakistan,Regular,2021-07-25,False
C12229,Daniel Lewis,Female,59,Toronto,Canada,Regular,2021-06-13,False
C12230,Hassan Clark,Male,70,Chicago,USA,Regular,2021-09-22,False
C12231,Faisal Malik,Female,64,Madrid,Spain,New,2024-11-04,False
C12232,Daniel Malik,Male,25,Paris,France,Premium,2022-04-14,False
C12233,Mariam Chaudhry,Female,37,Karachi,Pakistan,New,2021-05-05,True
C12234,Hassan Smith,Female,53,New York,USA,New,2024-07-27,False
C12235,Sara Brown,Male,68,Doha,Qatar,VIP,2022-02-11,False
C12236,Noor Miller,Male,38,Vancouver,Canada,New,2025-03-06,True
C12237,Ali Smith,Male,31,Vancouver,Canada,New,2021-11-22,False
C12238,Hassan Miller,Female,48,Lahore,Pakistan,New,2024-05-18,False
C12239,Laila Butt,Female,38,Manchester,UK,Regular,2023-04-18,True
C12240,Sana Ahmed,Male,36,Lahore,Pakistan,Regular,2023-06-07,True
C12241,Sara Khan,Male,43,Vancouver,Canada,Regular,2022-03-03,True
C12242,Ava Raza,Female,49,Riyadh,Saudi Arabia,Regular,2024-05-18,True
C12243,Amina Smith,Female,53,Manchester,UK,Regular,2025-03-19,False
C12244,Bilal Smith,Male,43,Manchester,UK,Regular,2022-09-11,False
C12245,Ahmed Davis,Male,21,Vancouver,Canada,Regular,2023-01-17,True
C12246,Laila Ahmed,Female,46,Doha,Qatar,Regular,2023-05-16,True
C12247,Fatima Raza,Female,46,Abu Dhabi,UAE,New,2023-12-24,False
C12248,Ayesha Johnson,Female,62,Madrid,Spain,VIP,2021-10-15,True
C12249,Emma Lewis,Male,20,Doha,Qatar,Regular,2023-08-17,True
C12250,Ayesha Wilson,Male,44,Abu Dhabi,UAE,Regular,2022-02-23,True
C12251,Ava Lewis,Male,45,Los Angeles,USA,New,2022-09-16,True
C12252,Fatima Iqbal,Female,52,Islamabad,Pakistan,Regular,2025-01-10,False
C12253,Emily Ahmed,Female,29,London,UK,Regular,2022-12-10,False
C12254,Ava Smith,Male,48,Abu Dhabi,UAE,VIP,2023-09-02,True
C12255,Emma Siddiqui,Female,45,Toronto,Canada,Premium,2025-04-10,False
C12256,Ahmed Miller,Female,65,New York,USA,Regular,2024-03-19,False
C12257,Zara Butt,Male,70,Islamabad,Pakistan,Regular,2025-10-20,False
C12258,Hassan Smith,Male,57,Paris,France,Premium,2024-10-26,True
C12259,Sara Anderson,Female,48,Faisalabad,Pakistan,Regular,2021-01-18,True
C12260,Ayesha Ahmed,Female,60,Dubai,UAE,Premium,2023-05-06,False
C12261,Sophia Wilson,Female,57,Jeddah,Saudi Arabia,VIP,2024-11-20,False
C12262,Kamran Iqbal,Female,70,Manchester,UK,VIP,2025-08-11,False
C12263,Imran Siddiqui,Male,29,Multan,Pakistan,Regular,2025-08-24,False
C12264,Emily Ahmed,Male,37,Vancouver,Canada,Premium,2025-04-21,False
C12265,Ali Smith,Female,34,Madrid,Spain,New,2021-02-26,False
C12266,Sana Iqbal,Female,51,Paris,France,Regular,2022-03-24,True
C12267,Imran Wilson,Female,66,Abu Dhabi,UAE,Regular,2021-09-04,True
C12268,Laila Miller,Male,35,Riyadh,Saudi Arabia,New,2025-06-19,True
C12269,Emily Clark,Male,24,Vancouver,Canada,Regular,2021-10-02,False
C12270,Amina Williams,Female,55,Multan,Pakistan,Regular,2023-06-03,False
C12271,David Khan,Female,65,Chicago,USA,Regular,2025-11-11,True
C12272,Ali Siddiqui,Male,54,Berlin,Germany,Regular,2022-10-03,True
C12273,Bilal Clark,Female,37,Chicago,USA,Regular,2022-06-12,True
C12274,Sara Clark,Male,62,Paris,France,Premium,2022-09-26,True
C12275,Sara Farooq,Female,21,Faisalabad,Pakistan,New,2025-05-07,False
C12276,Ahmed Smith,Female,31,Berlin,Germany,Regular,2022-07-05,False
C12277,Michael Johnson,Female,54,Abu Dhabi,UAE,Regular,2021-06-08,True
C12278,Amina Smith,Female,23,London,UK,Regular,2021-05-15,True
C12279,Emma Brown,Female,33,London,UK,Premium,2021-10-06,False
C12280,Ayesha Brown,Female,33,Faisalabad,Pakistan,Regular,2023-11-20,True
C12281,Ava Butt,Female,49,Los Angeles,USA,Regular,2022-01-28,True
C12282,Noor Brown,Female,18,Vancouver,Canada,Regular,2025-04-10,True
C12283,Tariq Chaudhry,Female,22,Islamabad,Pakistan,VIP,2025-11-14,True
C12284,Laila Davis,Female,58,Faisalabad,Pakistan,New,2021-06-18,False
C12285,Sara Johnson,Male,20,Jeddah,Saudi Arabia,Regular,2024-09-18,True
C12286,Usman Khan,Female,27,New York,USA,Regular,2022-04-14,True
C12287,Hassan Chaudhry,Female,47,Faisalabad,Pakistan,Regular,2025-10-08,False
C12288,Faisal Williams,Male,44,Lahore,Pakistan,Regular,2022-05-23,True
C12289,Hina Wilson,Female,57,Dubai,UAE,Premium,2025-05-28,False
C12290,Emma Butt,Female,52,Faisalabad,Pakistan,Premium,2023-08-05,False
C12291,Hassan Shah,Male,59,Madrid,Spain,New,2021-09-18,True
C12292,James Chaudhry,Male,30,Berlin,Germany,Regular,2021-04-19,True
C12293,Usman Anderson,Female,46,New York,USA,Premium,2025-06-17,True
C12294,Tariq Farooq,Female,46,Abu Dhabi,UAE,Regular,2022-05-04,True
C12295,Ali Lewis,Male,40,Vancouver,Canada,Regular,2021-11-28,False
C12296,Amina Raza,Female,26,Dubai,UAE,Regular,2021-03-02,False
C12297,Emma Butt,Male,57,Dubai,UAE,Regular,2021-11-12,False
C12298,Ali Chaudhry,Female,22,Multan,Pakistan,Regular,2024-12-23,False
C12299,Ayesha Clark,Male,28,Jeddah,Saudi Arabia,Regular,2025-04-27,True
C12300,Sana Lewis,Female,24,Vancouver,Canada,New,2021-03-05,False
C12301,Ali Clark,Female,27,Madrid,Spain,Premium,2025-05-28,False
C12302,Hina Johnson,Male,49,Dubai,UAE,VIP,2022-03-06,False
C12303,James Shah,Male,44,Jeddah,Saudi Arabia,Regular,2021-09-27,True
C12304,Zara Brown,Female,24,Abu Dhabi,UAE,Premium,2021-04-02,False
C12305,Amina Brown,Female,62,Multan,Pakistan,Premium,2021-01-05,True
C12306,Omar Butt,Female,69,Vancouver,Canada,Regular,2021-03-03,False
C12307,Amina Clark,Male,18,Paris,France,Regular,2022-08-20,False
C12308,Ayesha Miller,Male,26,Karachi,Pakistan,Regular,2021-10-01,True
C12309,Laila Davis,Male,30,Abu Dhabi,UAE,VIP,2024-01-21,False
C12310,Ahmed Siddiqui,Male,52,Dubai,UAE,VIP,2022-10-02,False
C12311,Sana Raza,Male,25,Berlin,Germany,Regular,2021-05-11,False
C12312,Sana Siddiqui,Male,53,Faisalabad,Pakistan,VIP,2024-02-16,True
C12313,Zara Butt,Female,21,Jeddah,Saudi Arabia,New,2024-03-27,True
C12314,Emma Raza,Male,41,Doha,Qatar,Regular,2023-11-13,True
C12315,Hina Shah,Female,66,London,UK,Regular,2022-12-22,True
C12316,Zara Davis,Female,29,Jeddah,Saudi Arabia,Regular,2025-01-07,True
C12317,Omar Siddiqui,Male,26,Manchester,UK,Regular,2024-02-21,False
C12318,Sophia Anderson,Male,61,Doha,Qatar,Regular,2025-06-27,False
C12319,Fatima Siddiqui,Female,20,Chicago,USA,Regular,2025-02-19,True
C12320,Faisal Ahmed,Male,69,Chicago,USA,Regular,2023-07-25,False
C12321,Daniel Williams,Female,48,Chicago,USA,Premium,2025-09-22,False
C12322,Kamran Brown,Male,18,Abu Dhabi,UAE,Premium,2022-05-10,False
C12323,Imran Butt,Female,70,Lahore,Pakistan,Premium,2023-02-19,True
C12324,Sana Farooq,Male,23,Karachi,Pakistan,Regular,2025-01-02,False
C12325,Ava Shah,Female,56,Los Angeles,USA,New,2025-11-05,True
C12326,Hassan Anderson,Female,50,Riyadh,Saudi Arabia,Regular,2023-08-02,True
C12327,Faisal Wilson,Female,38,Riyadh,Saudi Arabia,Regular,2021-03-05,True
C12328,Hina Shah,Female,61,Islamabad,Pakistan,New,2022-03-28,True
C12329,Ali Shah,Male,18,London,UK,Regular,2023-01-18,False
C12330,Sophia Brown,Female,33,Doha,Qatar,Premium,2022-10-01,True
C12331,Faisal Clark,Male,25,Los Angeles,USA,Regular,2025-07-26,True
C12332,Emma Ahmed,Female,54,Toronto,Canada,VIP,2021-11-05,True
C12333,Usman Davis,Female,65,New York,USA,Premium,2022-01-13,True
C12334,Zara Anderson,Male,53,London,UK,Regular,2025-05-13,True
C12335,Ali Lewis,Female,61,Karachi,Pakistan,Regular,2021-07-04,True
C12336,Ahmed Siddiqui,Male,38,Madrid,Spain,Regular,2022-10-18,False
C12337,Imran Raza,Female,27,London,UK,New,2023-04-21,False
C12338,Fatima Shah,Female,66,Islamabad,Pakistan,Regular,2021-07-14,True
C12339,Tariq Clark,Female,36,London,UK,Premium,2024-12-09,False
C12340,Bilal Malik,Male,21,Madrid,Spain,Premium,2024-05-21,True
C12341,Ava Ahmed,Male,26,Chicago,USA,Premium,2022-09-15,False
C12342,Daniel Brown,Male,20,Multan,Pakistan,Premium,2021-09-03,False
C12343,Daniel Raza,Female,32,London,UK,VIP,2023-06-21,True
C12344,Hina Butt,Female,47,Doha,Qatar,Regular,2024-05-03,True
C12345,David Anderson,Male,53,Faisalabad,Pakistan,Premium,2025-02-18,True
C12346,John Iqbal,Female,40,Islamabad,Pakistan,Premium,2024-05-22,False
C12347,Sara Davis,Male,32,Karachi,Pakistan,Regular,2021-07-14,True
C12348,Bilal Anderson,Male,51,Islamabad,Pakistan,Regular,2021-02-01,True
C12349,Daniel Raza,Female,22,Abu Dhabi,UAE,Regular,2022-03-01,False
C12350,Ali Miller,Female,45,Manchester,UK,VIP,2025-04-27,False
C12351,Sophia Malik,Female,59,Berlin,Germany,Regular,2023-03-15,False
C12352,Tariq Khan,Male,57,Doha,Qatar,Regular,2022-04-01,False
C12353,Sophia Farooq,Female,27,Abu Dhabi,UAE,Regular,2024-06-18,False
C12354,Noor Anderson,Male,28,New York,USA,New,2021-02-24,True
C12355,Tariq Davis,Male,50,Dubai,UAE,Regular,2024-07-23,False
C12356,Bilal Raza,Female,22,Berlin,Germany,New,2023-10-15,False
C12357,Imran Chaudhry,Female,48,Madrid,Spain,Regular,2025-02-22,True
C12358,John Shah,Female,18,Karachi,Pakistan,Regular,2025-02-26,False
C12359,Sana Farooq,Male,26,Toronto,Canada,Regular,2025-05-26,True
C12360,Zara Williams,Female,53,Karachi,Pakistan,Regular,2023-02-05,True
C12361,James Chaudhry,Female,28,Paris,France,Regular,2023-10-26,True
C12362,Emily Chaudhry,Female,59,Berlin,Germany,VIP,2021-02-04,False
C12363,Amina Ahmed,Male,47,Chicago,USA,Regular,2022-11-14,True
C12364,Omar Clark,Female,50,Riyadh,Saudi Arabia,New,2023-09-26,True
C12365,Imran Chaudhry,Female,52,Los Angeles,USA,Regular,2021-07-13,False
C12366,Emma Siddiqui,Male,20,Manchester,UK,Regular,2021-03-27,False
C12367,Emily Chaudhry,Male,69,Abu Dhabi,UAE,Premium,2023-04-28,True
C12368,Sara Farooq,Female,18,Berlin,Germany,VIP,2021-04-16,True
C12369,Tariq Malik,Male,30,Los Angeles,USA,Regular,2021-12-07,True
C12370,Amina Clark,Male,23,Madrid,Spain,Regular,2025-05-02,True
C12371,Ava Miller,Male,33,Doha,Qatar,Regular,2022-12-16,True
C12372,David Anderson,Female,20,Madrid,Spain,VIP,2025-02-21,False
C12373,Emily Lewis,Male,64,Manchester,UK,Premium,2022-02-19,False
C12374,Omar Johnson,Male,58,Los Angeles,USA,Regular,2024-04-15,False
C12375,Imran Iqbal,Male,19,London,UK,Regular,2022-03-18,False
C12376,Sana Raza,Female,56,Lahore,Pakistan,VIP,2025-12-08,False
C12377,Ayesha Williams,Male,53,Paris,France,Premium,2021-02-25,False
C12378,Daniel Shah,Female,34,Multan,Pakistan,Regular,2022-02-18,True
C12379,James Butt,Male,46,London,UK,New,2024-09-28,True
C12380,Olivia Farooq,Male,61,Dubai,UAE,Premium,2021-09-12,False
C12381,Sara Khan,Male,59,Los Angeles,USA,Regular,2024-05-07,True
C12382,Hina Iqbal,Male,43,Berlin,Germany,Premium,2022-07-20,False
C12383,Emma Davis,Female,43,Manchester,UK,Premium,2025-01-13,False
C12384,Noor Lewis,Male,33,Islamabad,Pakistan,Premium,2023-06-23,True
C12385,Sara Siddiqui,Female,37,London,UK,VIP,2021-07-03,True
C12386,Usman Shah,Female,20,Lahore,Pakistan,New,2024-11-17,False
C12387,Emma Shah,Male,57,Doha,Qatar,Premium,2022-04-19,True
C12388,Emma Farooq,Male,32,Chicago,USA,Regular,2023-05-04,False
C12389,James Khan,Female,32,Islamabad,Pakistan,Regular,2025-02-12,True
C12390,Sophia Johnson,Female,62,New York,USA,Regular,2024-12-26,True
C12391,Emma Smith,Male,37,Vancouver,Canada,Premium,2022-02-01,False
C12392,Daniel Chaudhry,Female,44,Faisalabad,Pakistan,Regular,2021-03-16,False
C12393,Sana Butt,Female,38,London,UK,Premium,2021-02-05,True
C12394,Omar Siddiqui,Male,32,New York,USA,Premium,2024-10-16,True
C12395,Hassan Raza,Female,58,Manchester,UK,Regular,2023-11-26,False
C12396,Sophia Brown,Male,27,Riyadh,Saudi Arabia,Regular,2022-05-14,False
C12397,David Davis,Female,27,Paris,France,Regular,2023-02-15,True
C12398,Usman Malik,Female,25,Madrid,Spain,Regular,2021-05-25,False
C12399,Sana Malik,Male,24,Riyadh,Saudi Arabia,Regular,2025-05-08,True
C12400,Zara Ahmed,Female,50,Madrid,Spain,VIP,2022-12-15,True
C12401,Hina Clark,Male,39,Karachi,Pakistan,Regular,2024-07-22,False
C12402,Hina Anderson,Female,20,Madrid,Spain,Regular,2022-07-09,True
C12403,John Brown,Male,27,Madrid,Spain,Regular,2021-02-28,True
C12404,Sophia Anderson,Female,48,Abu Dhabi,UAE,Regular,2023-03-12,True
C12405,Noor Wilson,Female,56,Los Angeles,USA,Regular,2022-11-23,True
C12406,Ava Wilson,Female,55,Los Angeles,USA,Premium,2023-03-02,False
C12407,Hassan Khan,Female,68,Riyadh,Saudi Arabia,Regular,2023-09-27,True
C12408,Faisal Williams,Male,38,Abu Dhabi,UAE,Premium,2024-08-14,False
C12409,Usman Smith,Female,46,London,UK,Regular,2021-08-17,False
C12410,Fatima Chaudhry,Male,45,London,UK,New,2024-10-23,True
C12411,Hassan Raza,Male,48,Los Angeles,USA,Regular,2022-07-24,True
C12412,Hina Malik,Male,29,Abu Dhabi,UAE,New,2024-03-16,True
C12413,James Davis,Female,59,Islamabad,Pakistan,New,2021-07-20,True
C12414,Noor Iqbal,Male,67,Faisalabad,Pakistan,Regular,2024-10-18,False
C12415,Hassan Anderson,Female,54,Doha,Qatar,Premium,2021-01-12,True
C12416,Faisal Khan,Male,55,Paris,France,New,2021-03-06,True
C12417,Faisal Anderson,Male,24,Paris,France,New,2022-05-06,False
C12418,James Ahmed,Male,45,New York,USA,Premium,2023-02-15,False
C12419,Olivia Ahmed,Female,30,Abu Dhabi,UAE,Regular,2021-01-11,True
C12420,Faisal Shah,Male,29,Doha,Qatar,Regular,2021-08-06,False
C12421,Faisal Butt,Male,69,Berlin,Germany,Regular,2023-10-09,False
C12422,Ava Anderson,Male,52,Riyadh,Saudi Arabia,Regular,2024-10-02,False
C12423,Sara Iqbal,Female,57,Jeddah,Saudi Arabia,Premium,2023-09-11,True
C12424,Sophia Lewis,Male,26,Riyadh,Saudi Arabia,Regular,2025-03-25,False
C12425,Emma Ahmed,Male,54,Chicago,USA,Regular,2022-07-08,False
C12426,David Clark,Female,21,Doha,Qatar,Regular,2021-07-23,False
C12427,John Smith,Male,47,Berlin,Germany,New,2024-09-21,False
C12428,Faisal Miller,Female,57,Abu Dhabi,UAE,Premium,2023-10-12,True
C12429,Imran Anderson,Female,37,Lahore,Pakistan,VIP,2024-07-24,False
C12430,Emma Khan,Male,20,Paris,France,Premium,2023-11-23,True
C12431,Laila Malik,Male,29,Dubai,UAE,VIP,2025-06-25,False
C12432,Sara Chaudhry,Female,52,Vancouver,Canada,Premium,2022-01-19,True
C12433,Fatima Shah,Male,31,Dubai,UAE,Regular,2022-03-08,False
C12434,Bilal Johnson,Female,40,Karachi,Pakistan,New,2021-01-04,True
C12435,Omar Malik,Male,43,Doha,Qatar,Premium,2023-09-26,False
C12436,Usman Butt,Male,28,Vancouver,Canada,Regular,2022-04-13,True
C12437,Bilal Khan,Male,40,Paris,France,Premium,2025-12-18,True
C12438,James Chaudhry,Female,23,Multan,Pakistan,Regular,2021-10-02,False
C12439,Tariq Smith,Male,21,Vancouver,Canada,Regular,2023-04-16,False
C12440,Sana Davis,Female,55,Islamabad,Pakistan,Regular,2022-03-03,True
C12441,Laila Chaudhry,Male,54,Dubai,UAE,Regular,2024-08-11,True
C12442,Hina Brown,Female,22,Multan,Pakistan,Premium,2025-02-16,False
C12443,Bilal Williams,Female,48,Berlin,Germany,Regular,2022-11-28,False
C12444,Ayesha Raza,Male,57,Berlin,Germany,Regular,2023-08-26,True
C12445,Faisal Clark,Male,60,Lahore,Pakistan,Premium,2021-09-09,False
C12446,Sara Shah,Male,63,Jeddah,Saudi Arabia,Regular,2022-06-23,True
C12447,Ali Smith,Male,35,Manchester,UK,Regular,2023-03-04,True
C12448,Emily Malik,Female,49,Riyadh,Saudi Arabia,New,2023-08-21,True
C12449,Laila Raza,Female,62,Madrid,Spain,Premium,2023-03-05,True
C12450,Mariam Chaudhry,Female,62,Chicago,USA,New,2025-02-19,True
C12451,David Anderson,Female,49,Doha,Qatar,Regular,2021-08-21,False
C12452,Usman Butt,Male,55,Abu Dhabi,UAE,Premium,2025-09-14,False
C12453,Emma Lewis,Male,28,Manchester,UK,Regular,2021-12-18,False
C12454,Sara Wilson,Female,58,Jeddah,Saudi Arabia,Premium,2024-06-24,True
C12455,David Smith,Female,63,Dubai,UAE,VIP,2025-03-13,True
C12456,Hassan Brown,Female,26,Los Angeles,USA,Premium,2021-03-12,False
C12457,Sophia Johnson,Male,68,London,UK,Premium,2022-03-18,True
C12458,Emma Johnson,Male,66,Dubai,UAE,Regular,2022-03-12,False
C12459,Kamran Iqbal,Female,30,Doha,Qatar,Premium,2022-05-06,True
C12460,Olivia Iqbal,Male,35,Dubai,UAE,Regular,2021-10-19,True
C12461,Olivia Khan,Female,43,Lahore,Pakistan,Regular,2025-12-15,True
C12462,Tariq Khan,Female,39,Paris,France,VIP,2022-01-19,False
C12463,Hina Ahmed,Female,36,Abu Dhabi,UAE,Premium,2024-01-23,True
C12464,Sara Ahmed,Male,33,Islamabad,Pakistan,Regular,2025-04-18,True
C12465,Zara Davis,Male,23,Dubai,UAE,New,2022-04-13,True
C12466,Ali Wilson,Male,47,Paris,France,Regular,2021-01-11,False
C12467,Ayesha Williams,Male,48,Berlin,Germany,New,2023-03-13,False
C12468,Michael Johnson,Male,18,Los Angeles,USA,Premium,2022-04-15,True
C12469,Noor Ahmed,Female,70,Jeddah,Saudi Arabia,Regular,2022-03-28,True
C12470,Emma Shah,Female,25,Abu Dhabi,UAE,Regular,2021-10-09,False
C12471,Zara Raza,Male,63,Paris,France,Regular,2021-06-09,False
C12472,Kamran Iqbal,Female,48,Abu Dhabi,UAE,Premium,2021-07-17,False
C12473,Daniel Malik,Female,62,Paris,France,Regular,2024-05-20,False
C12474,Sara Chaudhry,Female,69,Vancouver,Canada,Regular,2022-06-28,False
C12475,Amina Davis,Male,23,Los Angeles,USA,VIP,2021-08-20,True
C12476,Michael Iqbal,Male,28,Doha,Qatar,Regular,2022-04-15,False
C12477,Ahmed Miller,Male,32,Jeddah,Saudi Arabia,Regular,2023-07-25,False
C12478,James Brown,Female,46,Los Angeles,USA,Premium,2022-01-06,False
C12479,Fatima Butt,Female,66,Chicago,USA,Regular,2023-09-19,True
C12480,Hina Shah,Female,64,Madrid,Spain,Premium,2023-02-21,True
C12481,Omar Butt,Female,58,Vancouver,Canada,New,2021-08-24,False
C12482,Tariq Chaudhry,Male,38,Islamabad,Pakistan,VIP,2022-10-01,True
C12483,Sana Anderson,Male,34,Riyadh,Saudi Arabia,Premium,2025-01-10,False
C12484,Zara Butt,Female,50,Faisalabad,Pakistan,New,2024-09-09,False
C12485,Sara Brown,Female,23,Madrid,Spain,Premium,2022-08-27,False
C12486,Daniel Williams,Female,26,Jeddah,Saudi Arabia,Premium,2024-07-25,True
C12487,Ava Ahmed,Female,60,Chicago,USA,Regular,2024-12-03,False
C12488,Faisal Malik,Male,27,Vancouver,Canada,Regular,2025-12-06,True
C12489,Zara Smith,Male,62,Los Angeles,USA,Regular,2021-09-13,True
C12490,Fatima Williams,Female,20,Riyadh,Saudi Arabia,Regular,2023-01-08,True
C12491,Ava Williams,Male,31,Jeddah,Saudi Arabia,Regular,2024-08-21,False
C12492,James Brown,Female,62,Lahore,Pakistan,VIP,2022-02-18,True
C12493,Noor Williams,Female,54,Dubai,UAE,Premium,2022-02-20,True
C12494,Imran Wilson,Female,39,Madrid,Spain,Regular,2025-06-22,True
C12495,David Shah,Female,31,New York,USA,Regular,2024-03-23,False
C12496,Sophia Smith,Female,19,Lahore,Pakistan,VIP,2024-11-10,True
C12497,Michael Davis,Male,34,Faisalabad,Pakistan,Premium,2022-09-14,True
C12498,Emily Davis,Male,44,Berlin,Germany,Regular,2025-03-27,True
C12499,David Iqbal,Male,48,Berlin,Germany,Regular,2021-10-19,True
C12500,Ahmed Clark,Male,49,Vancouver,Canada,Regular,2025-03-14,False
C12501,Kamran Ahmed,Female,65,Riyadh,Saudi Arabia,New,2022-01-18,False
C12502,Hassan Iqbal,Female,55,Vancouver,Canada,Regular,2023-01-07,True
C12503,Omar Farooq,Male,25,Riyadh,Saudi Arabia,Regular,2021-10-20,False
C12504,Tariq Lewis,Male,22,Lahore,Pakistan,Premium,2024-09-15,True
C12505,Hassan Lewis,Male,35,Manchester,UK,Regular,2021-09-24,False
C12506,Michael Raza,Male,47,Karachi,Pakistan,Premium,2022-02-14,False
C12507,Tariq Brown,Female,60,Lahore,Pakistan,Regular,2025-02-11,True
C12508,John Chaudhry,Male,59,Berlin,Germany,Premium,2021-06-01,True
C12509,Ayesha Miller,Male,56,Karachi,Pakistan,New,2024-07-21,False
C12510,Daniel Malik,Male,19,Madrid,Spain,Premium,2021-09-02,True
C12511,Tariq Raza,Male,56,Dubai,UAE,New,2024-09-06,False
C12512,Omar Khan,Male,47,Los Angeles,USA,Regular,2023-09-22,False
C12513,John Davis,Female,23,Dubai,UAE,Regular,2025-09-01,False
C12514,Sophia Lewis,Female,25,Faisalabad,Pakistan,Regular,2025-08-13,False
C12515,Amina Malik,Male,19,Lahore,Pakistan,Regular,2022-02-15,True
C12516,Usman Chaudhry,Female,35,Paris,France,Regular,2022-10-13,True
C12517,Imran Miller,Male,23,London,UK,Regular,2023-12-24,False
C12518,Hina Johnson,Male,44,Doha,Qatar,Premium,2022-10-03,True
C12519,Fatima Butt,Male,29,Madrid,Spain,Premium,2022-05-19,False
C12520,Mariam Lewis,Female,59,Karachi,Pakistan,VIP,2024-01-05,False
C12521,Omar Raza,Female,20,Berlin,Germany,Regular,2022-04-23,False
C12522,David Ahmed,Female,68,Los Angeles,USA,Regular,2023-05-22,True
C12523,James Chaudhry,Male,25,Berlin,Germany,Regular,2022-12-19,False
C12524,Imran Johnson,Female,63,Riyadh,Saudi Arabia,Regular,2024-03-07,True
C12525,Sara Brown,Female,69,Paris,France,Regular,2022-10-17,False
C12526,Ahmed Raza,Female,55,Toronto,Canada,Regular,2023-08-28,True
C12527,Hassan Iqbal,Female,29,Karachi,Pakistan,Regular,2022-07-19,True
C12528,Noor Brown,Male,47,Berlin,Germany,New,2021-10-19,False
C12529,Daniel Johnson,Female,57,Abu Dhabi,UAE,New,2022-10-22,True
C12530,Olivia Anderson,Male,31,Vancouver,Canada,Regular,2025-09-24,False
C12531,Imran Davis,Female,46,Chicago,USA,Premium,2024-06-25,False
C12532,Ayesha Butt,Female,51,Doha,Qatar,Regular,2021-09-28,False
C12533,Ayesha Smith,Male,56,Riyadh,Saudi Arabia,Premium,2025-04-25,True
C12534,Tariq Khan,Male,18,Multan,Pakistan,New,2022-05-10,True
C12535,Bilal Lewis,Male,68,Berlin,Germany,Regular,2024-11-22,True
C12536,Sophia Clark,Male,31,Doha,Qatar,Regular,2021-01-07,False
C12537,Daniel Anderson,Female,26,Multan,Pakistan,Regular,2023-10-18,False
C12538,Zara Iqbal,Male,36,Berlin,Germany,New,2023-06-20,True
C12539,Hina Butt,Female,32,Los Angeles,USA,Regular,2021-08-14,False
C12540,Laila Chaudhry,Female,26,Faisalabad,Pakistan,New,2025-10-27,True
C12541,Amina Raza,Male,23,Berlin,Germany,Regular,2023-06-08,True
C12542,Noor Williams,Male,51,Vancouver,Canada,Regular,2024-06-16,True
C12543,Zara Butt,Female,49,Lahore,Pakistan,Regular,2023-12-06,False
C12544,Emily Shah,Female,60,Islamabad,Pakistan,Premium,2022-07-04,True
C12545,Sana Miller,Male,59,New York,USA,Regular,2021-08-12,True
C12546,Ahmed Clark,Male,20,Paris,France,Regular,2022-06-27,True
C12547,Imran Miller,Male,31,Abu Dhabi,UAE,Regular,2025-04-10,True
C12548,Hassan Davis,Female,53,Doha,Qatar,Premium,2023-05-16,False
C12549,Sophia Anderson,Female,26,Madrid,Spain,VIP,2021-06-03,True
C12550,Omar Ahmed,Male,68,Paris,France,Regular,2024-01-23,False
C12551,Michael Butt,Male,52,New York,USA,Premium,2021-02-09,False
C12552,Hassan Malik,Male,53,Abu Dhabi,UAE,VIP,2024-09-01,False
C12553,Sophia Ahmed,Male,38,Chicago,USA,New,2023-08-09,False
C12554,Emily Johnson,Male,56,Berlin,Germany,Premium,2025-07-02,False
C12555,Sara Farooq,Male,55,Lahore,Pakistan,Regular,2024-01-23,False
C12556,Ayesha Anderson,Female,19,Doha,Qatar,New,2023-04-20,True
C12557,Olivia Anderson,Male,61,Islamabad,Pakistan,Regular,2022-07-13,True
C12558,Imran Johnson,Female,61,Riyadh,Saudi Arabia,New,2021-11-23,True
C12559,Amina Khan,Male,43,Chicago,USA,Regular,2024-10-23,False
C12560,Zara Williams,Male,31,Berlin,Germany,Premium,2021-06-24,False
C12561,Sara Shah,Female,37,Abu Dhabi,UAE,Regular,2022-01-17,True
C12562,Sara Wilson,Female,20,New York,USA,Premium,2024-01-22,True
C12563,Ahmed Anderson,Female,32,Vancouver,Canada,Regular,2025-04-22,True
C12564,Ayesha Siddiqui,Female,52,Berlin,Germany,Regular,2024-06-18,True
C12565,Olivia Brown,Male,29,Dubai,UAE,Premium,2023-02-20,False
C12566,Kamran Iqbal,Male,19,Doha,Qatar,Regular,2021-10-16,True
C12567,Hassan Johnson,Female,36,New York,USA,Regular,2024-12-26,True
C12568,Ava Shah,Male,46,Multan,Pakistan,VIP,2025-05-13,True
C12569,Omar Butt,Female,44,Toronto,Canada,New,2025-08-26,False
C12570,Emma Williams,Male,33,Multan,Pakistan,Regular,2024-10-13,True
C12571,Ali Raza,Female,22,Riyadh,Saudi Arabia,Premium,2023-05-01,True
C12572,James Anderson,Female,18,New York,USA,Regular,2023-07-17,False
C12573,Ava Malik,Female,33,London,UK,Regular,2021-07-08,False
C12574,Sara Raza,Male,59,Manchester,UK,Premium,2021-05-27,True
C12575,Faisal Siddiqui,Male,31,Chicago,USA,Premium,2025-10-04,True
C12576,John Khan,Male,41,Riyadh,Saudi Arabia,Regular,2021-10-09,False
C12577,David Davis,Female,54,Abu Dhabi,UAE,Regular,2022-10-12,True
C12578,John Iqbal,Female,20,Toronto,Canada,Regular,2021-12-18,False
C12579,Emma Davis,Female,70,Multan,Pakistan,New,2021-05-22,False
C12580,John Clark,Male,20,Jeddah,Saudi Arabia,Regular,2023-12-18,False
C12581,Mariam Wilson,Male,25,London,UK,Premium,2023-11-18,True
C12582,Tariq Johnson,Female,51,Vancouver,Canada,Regular,2025-05-25,False
C12583,Hina Iqbal,Female,27,Berlin,Germany,Regular,2024-10-16,True
C12584,Tariq Khan,Male,69,Paris,France,Regular,2023-07-27,True
C12585,Noor Khan,Female,18,Chicago,USA,Regular,2023-11-05,False
C12586,Bilal Shah,Female,69,Lahore,Pakistan,New,2024-06-17,False
C12587,Fatima Shah,Male,22,Islamabad,Pakistan,Regular,2021-11-24,True
C12588,Olivia Siddiqui,Female,45,New York,USA,Regular,2024-09-15,True
C12589,Hina Chaudhry,Female,22,Multan,Pakistan,Regular,2023-10-11,False
C12590,Hassan Malik,Female,34,Toronto,Canada,Premium,2024-06-07,True
C12591,Faisal Malik,Female,64,Madrid,Spain,Regular,2023-10-24,True
C12592,Amina Brown,Female,65,Toronto,Canada,New,2025-12-13,True
C12593,Tariq Siddiqui,Male,30,London,UK,New,2024-12-20,False
C12594,Kamran Brown,Male,41,Chicago,USA,Premium,2023-01-25,True
C12595,Emma Miller,Male,52,New York,USA,Regular,2022-01-26,True
C12596,Hina Khan,Female,45,Dubai,UAE,Regular,2025-04-07,True
C12597,Usman Raza,Male,54,New York,USA,New,2025-07-10,False
C12598,Emma Anderson,Male,38,Dubai,UAE,Regular,2021-03-27,False
C12599,Laila Clark,Male,34,Berlin,Germany,Regular,2024-08-08,True
C12600,Emma Smith,Male,20,Chicago,USA,Regular,2022-11-06,True
C12601,Hassan Khan,Male,45,Faisalabad,Pakistan,Premium,2025-04-25,True
C12602,Zara Raza,Male,37,Jeddah,Saudi Arabia,Regular,2025-02-20,True
C12603,Olivia Miller,Female,70,Lahore,Pakistan,Regular,2025-02-11,False
C12604,Daniel Brown,Male,46,Multan,Pakistan,Regular,2023-10-23,True
C12605,Mariam Siddiqui,Male,18,Chicago,USA,Premium,2022-07-26,False
C12606,Emily Raza,Male,67,Abu Dhabi,UAE,VIP,2022-11-24,True
C12607,Kamran Davis,Female,31,New York,USA,Regular,2022-02-14,True
C12608,Ava Farooq,Female,19,Berlin,Germany,New,2024-08-01,True
C12609,Sara Butt,Female,69,Manchester,UK,Regular,2025-10-11,True
C12610,Olivia Farooq,Male,58,Los Angeles,USA,Regular,2025-12-27,True
C12611,Sophia Malik,Male,49,Doha,Qatar,Regular,2024-11-21,False
C12612,Imran Iqbal,Female,47,Manchester,UK,Regular,2024-06-19,True
C12613,Ali Malik,Male,63,Dubai,UAE,Regular,2024-09-22,False
C12614,Noor Ahmed,Female,54,Jeddah,Saudi Arabia,Regular,2024-06-20,False
C12615,Ayesha Wilson,Male,55,Abu Dhabi,UAE,Premium,2025-10-22,False
C12616,Michael Chaudhry,Male,34,Chicago,USA,Premium,2025-12-17,False
C12617,Sophia Lewis,Female,70,Toronto,Canada,Regular,2021-05-20,True
C12618,David Williams,Female,31,Paris,France,Regular,2022-12-08,False
C12619,Bilal Siddiqui,Male,63,Faisalabad,Pakistan,Premium,2024-12-18,True
C12620,Laila Farooq,Female,32,London,UK,Regular,2021-01-23,True
C12621,Noor Iqbal,Male,30,Madrid,Spain,VIP,2022-09-23,False
C12622,Hina Iqbal,Female,43,Doha,Qatar,Premium,2024-12-17,False
C12623,David Wilson,Male,26,Los Angeles,USA,Regular,2021-09-21,False
C12624,Emily Anderson,Female,22,London,UK,Regular,2021-01-13,True
C12625,Faisal Johnson,Female,37,Jeddah,Saudi Arabia,Regular,2022-10-20,False
C12626,David Smith,Female,61,Lahore,Pakistan,Regular,2024-05-19,False
C12627,Mariam Khan,Female,27,Chicago,USA,Regular,2022-02-02,True
C12628,Noor Ahmed,Female,43,Multan,Pakistan,Regular,2025-02-14,False
C12629,Sophia Davis,Female,35,London,UK,Regular,2023-11-17,False
C12630,David Johnson,Female,40,London,UK,Regular,2023-03-09,False
C12631,Ali Khan,Male,42,Jeddah,Saudi Arabia,Premium,2024-06-17,False
C12632,Zara Malik,Female,22,Multan,Pakistan,Regular,2025-06-09,False
C12633,Hina Chaudhry,Female,34,Multan,Pakistan,Regular,2021-09-19,False
C12634,Bilal Shah,Male,51,Lahore,Pakistan,Regular,2023-09-14,True
C12635,James Smith,Female,20,Riyadh,Saudi Arabia,Premium,2025-08-01,True
C12636,Sara Lewis,Female,69,Abu Dhabi,UAE,New,2024-03-07,False
C12637,Sara Smith,Male,52,Dubai,UAE,Premium,2021-09-08,True
C12638,Sophia Ahmed,Male,35,Jeddah,Saudi Arabia,Premium,2025-01-19,False
C12639,Sana Lewis,Female,70,Vancouver,Canada,New,2021-08-05,False
C12640,Amina Chaudhry,Male,31,Multan,Pakistan,Regular,2023-10-09,True
C12641,Ava Malik,Female,31,London,UK,Regular,2023-07-25,False
C12642,Ali Clark,Female,49,Los Angeles,USA,Premium,2023-04-19,False
C12643,Faisal Anderson,Male,26,London,UK,Premium,2021-07-01,True
C12644,Hassan Raza,Male,69,Jeddah,Saudi Arabia,Regular,2025-02-12,True
C12645,Hassan Lewis,Male,47,Los Angeles,USA,Regular,2023-05-05,True
C12646,Faisal Davis,Female,48,Faisalabad,Pakistan,Regular,2022-07-15,False
C12647,Ayesha Farooq,Male,50,Manchester,UK,New,2025-12-09,True
C12648,Imran Wilson,Male,56,Lahore,Pakistan,Regular,2022-11-17,False
C12649,Ayesha Clark,Female,28,Jeddah,Saudi Arabia,Regular,2025-04-06,False
C12650,Sophia Anderson,Female,63,Manchester,UK,Premium,2021-05-06,False
C12651,Zara Wilson,Male,24,New York,USA,VIP,2024-08-07,True
C12652,Hina Clark,Male,60,Berlin,Germany,New,2024-11-03,False
C12653,Ava Ahmed,Female,52,Los Angeles,USA,Premium,2021-05-25,True
C12654,James Smith,Female,44,Manchester,UK,Premium,2024-10-27,True
C12655,Mariam Raza,Female,64,Multan,Pakistan,Regular,2024-11-16,True
C12656,Imran Clark,Male,27,Vancouver,Canada,New,2024-04-16,True
C12657,Omar Chaudhry,Female,21,Paris,France,Premium,2021-09-09,False
C12658,Omar Chaudhry,Male,58,Toronto,Canada,VIP,2024-07-16,False
C12659,Faisal Wilson,Male,70,Abu Dhabi,UAE,New,2023-09-18,True
C12660,Kamran Wilson,Male,40,Abu Dhabi,UAE,Premium,2024-06-16,True
C12661,Zara Johnson,Female,28,Toronto,Canada,Regular,2025-09-07,False
C12662,Kamran Williams,Male,51,Los Angeles,USA,Regular,2025-03-01,False
C12663,Bilal Butt,Female,61,Islamabad,Pakistan,Regular,2024-02-21,True
C12664,Amina Anderson,Male,27,Islamabad,Pakistan,New,2023-11-26,False
C12665,David Raza,Male,59,Los Angeles,USA,VIP,2021-01-13,False
C12666,Emma Siddiqui,Male,47,Karachi,Pakistan,Premium,2025-04-16,True
C12667,Bilal Brown,Male,32,Chicago,USA,Regular,2025-12-17,False
C12668,Daniel Davis,Male,33,Vancouver,Canada,Premium,2023-01-14,False
C12669,Imran Lewis,Female,51,Madrid,Spain,VIP,2023-04-07,False
C12670,Ali Miller,Female,33,Madrid,Spain,Premium,2023-03-27,True
C12671,Omar Smith,Male,61,London,UK,VIP,2021-06-15,True
C12672,John Ahmed,Female,57,Multan,Pakistan,Premium,2023-12-08,False
C12673,Sara Farooq,Female,50,Jeddah,Saudi Arabia,Premium,2023-02-03,False
C12674,Daniel Miller,Male,59,Doha,Qatar,New,2021-02-25,True
C12675,Emma Malik,Male,43,London,UK,Premium,2022-08-04,False
C12676,Laila Ahmed,Male,55,Chicago,USA,Premium,2024-08-20,False
C12677,Emma Raza,Male,58,Karachi,Pakistan,New,2025-11-09,False
C12678,Zara Chaudhry,Female,48,Los Angeles,USA,Premium,2024-05-01,True
C12679,Zara Khan,Male,45,Paris,France,Regular,2024-03-20,False
C12680,David Miller,Male,25,Abu Dhabi,UAE,Regular,2024-08-12,False
C12681,Ava Raza,Female,32,Vancouver,Canada,Regular,2022-07-18,True
C12682,Faisal Ahmed,Female,53,Multan,Pakistan,Regular,2021-12-22,False
C12683,Mariam Iqbal,Female,23,Riyadh,Saudi Arabia,Regular,2022-12-12,True
C12684,John Chaudhry,Male,55,Manchester,UK,Regular,2025-07-01,False
C12685,Zara Brown,Female,63,Doha,Qatar,Regular,2022-03-24,True
C12686,Fatima Anderson,Female,59,Toronto,Canada,Regular,2023-11-16,False
C12687,Noor Ahmed,Female,18,Faisalabad,Pakistan,Regular,2025-03-06,True
C12688,Tariq Clark,Male,59,Faisalabad,Pakistan,VIP,2025-05-04,True
C12689,Emily Miller,Female,62,Jeddah,Saudi Arabia,New,2023-12-19,False
C12690,Michael Miller,Female,36,Abu Dhabi,UAE,Regular,2025-03-19,True
C12691,Zara Butt,Male,67,Berlin,Germany,New,2025-03-14,False
C12692,Sophia Clark,Female,63,Toronto,Canada,VIP,2021-02-18,True
C12693,Kamran Davis,Male,56,Berlin,Germany,Premium,2024-07-14,False
C12694,Bilal Smith,Female,33,Lahore,Pakistan,Regular,2021-01-05,True
C12695,Hassan Lewis,Male,22,Riyadh,Saudi Arabia,New,2022-04-24,False
C12696,Mariam Williams,Female,40,Chicago,USA,Premium,2024-01-04,False
C12697,Ahmed Smith,Male,58,Vancouver,Canada,Regular,2024-07-04,False
C12698,Laila Iqbal,Male,33,Lahore,Pakistan,VIP,2023-06-03,False
C12699,Ava Johnson,Female,37,Berlin,Germany,Regular,2023-07-27,True
C12700,Tariq Butt,Female,66,Chicago,USA,Regular,2021-04-03,False
C12701,John Smith,Female,55,Vancouver,Canada,VIP,2024-11-06,False
C12702,Emma Chaudhry,Male,37,Berlin,Germany,Premium,2024-01-07,False
C12703,Sophia Smith,Female,22,Dubai,UAE,Premium,2021-04-27,False
C12704,Daniel Anderson,Female,48,Jeddah,Saudi Arabia,Regular,2023-09-18,True
C12705,Zara Miller,Male,32,Lahore,Pakistan,Regular,2025-06-09,False
C12706,Emily Miller,Female,55,Manchester,UK,VIP,2021-03-12,True
C12707,Michael Clark,Female,51,Jeddah,Saudi Arabia,Premium,2021-10-27,False
C12708,Bilal Khan,Female,18,Islamabad,Pakistan,Premium,2022-05-08,False
C12709,Noor Siddiqui,Male,21,Paris,France,Premium,2024-06-17,True
C12710,Sophia Anderson,Female,33,Faisalabad,Pakistan,Regular,2021-04-19,True
C12711,Ahmed Chaudhry,Male,45,Islamabad,Pakistan,Regular,2023-07-06,True
C12712,Olivia Anderson,Male,53,New York,USA,Regular,2021-01-20,False
C12713,Noor Farooq,Male,39,London,UK,VIP,2025-01-14,True
C12714,James Clark,Male,33,Paris,France,New,2022-12-03,False
C12715,Michael Shah,Male,43,Dubai,UAE,Regular,2023-03-07,True
C12716,Noor Smith,Female,62,Los Angeles,USA,Regular,2022-06-27,True
C12717,Sophia Siddiqui,Male,36,Doha,Qatar,VIP,2022-01-13,False
C12718,Ayesha Smith,Male,34,Karachi,Pakistan,Regular,2024-10-19,True
C12719,Emma Brown,Female,33,Faisalabad,Pakistan,Regular,2021-12-17,True
C12720,Emma Raza,Female,20,Multan,Pakistan,Regular,2022-06-08,True
C12721,Sara Johnson,Female,26,Dubai,UAE,Premium,2022-02-22,True
C12722,David Shah,Female,52,Faisalabad,Pakistan,Regular,2021-04-19,True
C12723,John Iqbal,Female,29,Riyadh,Saudi Arabia,Premium,2022-02-26,True
C12724,Sophia Lewis,Female,39,Riyadh,Saudi Arabia,VIP,2022-07-22,False
C12725,Usman Farooq,Male,50,Multan,Pakistan,Regular,2023-05-20,False
C12726,Hina Chaudhry,Female,45,Lahore,Pakistan,Regular,2024-03-24,True
C12727,Mariam Williams,Female,58,Manchester,UK,Premium,2025-11-28,True
C12728,Amina Johnson,Male,57,Toronto,Canada,Regular,2023-04-12,False
C12729,Michael Iqbal,Female,43,London,UK,Regular,2021-06-19,True
C12730,David Brown,Male,41,New York,USA,VIP,2023-11-17,True
C12731,Noor Farooq,Male,35,Paris,France,Regular,2025-06-08,True
C12732,Michael Johnson,Male,36,Toronto,Canada,New,2024-05-25,False
C12733,Emily Butt,Female,31,London,UK,Premium,2024-12-23,False
C12734,Amina Smith,Male,27,Toronto,Canada,Regular,2022-12-25,False
C12735,Bilal Farooq,Male,39,Toronto,Canada,Regular,2024-03-21,False
C12736,Sophia Anderson,Male,38,Abu Dhabi,UAE,Regular,2024-11-10,False
C12737,Imran Williams,Male,60,London,UK,Premium,2025-07-26,True
C12738,Bilal Farooq,Female,55,Chicago,USA,Premium,2024-10-20,True
C12739,Fatima Butt,Male,24,Faisalabad,Pakistan,Regular,2024-09-21,True
C12740,Ali Butt,Male,49,Islamabad,Pakistan,VIP,2024-08-05,False
C12741,Michael Iqbal,Male,24,New York,USA,Regular,2021-10-14,False
C12742,Amina Raza,Female,64,Lahore,Pakistan,Regular,2025-04-04,True
C12743,Tariq Shah,Female,68,Doha,Qatar,VIP,2021-07-06,False
C12744,Sophia Clark,Male,42,Multan,Pakistan,VIP,2023-05-12,False
C12745,Laila Siddiqui,Female,26,Abu Dhabi,UAE,Premium,2022-10-28,False
C12746,Tariq Clark,Female,50,Abu Dhabi,UAE,VIP,2021-02-22,True
C12747,Michael Brown,Female,54,Paris,France,Regular,2022-10-14,False
C12748,Emily Anderson,Male,31,Paris,France,Regular,2021-10-04,True
C12749,Ayesha Iqbal,Female,68,Berlin,Germany,VIP,2021-01-04,False
C12750,Laila Chaudhry,Male,66,Toronto,Canada,VIP,2022-04-08,True
C12751,Usman Miller,Female,48,Jeddah,Saudi Arabia,Premium,2023-04-22,False
C12752,Zara Malik,Female,23,Faisalabad,Pakistan,Premium,2025-02-28,False
C12753,Usman Malik,Male,34,Vancouver,Canada,New,2024-02-04,False
C12754,Faisal Clark,Male,67,Doha,Qatar,Regular,2021-05-21,True
C12755,Imran Anderson,Female,44,Multan,Pakistan,New,2021-07-18,True
C12756,Laila Malik,Male,36,Vancouver,Canada,Regular,2021-04-09,False
C12757,Hassan Raza,Male,31,Chicago,USA,Regular,2023-02-14,True
C12758,Emily Siddiqui,Female,55,Toronto,Canada,Regular,2024-09-13,True
C12759,Olivia Miller,Male,62,London,UK,New,2021-08-04,True
C12760,Faisal Farooq,Male,26,Faisalabad,Pakistan,Regular,2022-08-22,True
C12761,Amina Ahmed,Female,23,Los Angeles,USA,Regular,2022-09-15,False
C12762,Ava Miller,Male,67,Multan,Pakistan,New,2023-04-14,False
C12763,Sana Brown,Female,45,Manchester,UK,Regular,2025-02-08,True
C12764,Zara Lewis,Male,60,New York,USA,New,2021-02-26,False
C12765,John Raza,Male,40,Riyadh,Saudi Arabia,Regular,2022-01-03,True
C12766,Usman Smith,Male,44,London,UK,Premium,2021-07-22,True
C12767,Noor Anderson,Female,70,Islamabad,Pakistan,Regular,2024-03-11,True
C12768,Daniel Ahmed,Male,26,Doha,Qatar,Premium,2024-05-16,True
C12769,Amina Lewis,Female,51,Toronto,Canada,Premium,2024-06-14,False
C12770,Imran Clark,Male,21,Doha,Qatar,Regular,2025-02-19,False
C12771,Fatima Brown,Male,41,Madrid,Spain,Regular,2024-09-10,True
C12772,John Ahmed,Female,27,Madrid,Spain,Regular,2022-03-25,False
C12773,Ali Chaudhry,Female,18,Manchester,UK,Regular,2024-11-02,True
C12774,Ayesha Butt,Male,70,Jeddah,Saudi Arabia,Regular,2023-11-14,True
C12775,Olivia Wilson,Female,67,Karachi,Pakistan,VIP,2023-01-01,False
C12776,Laila Malik,Female,69,Chicago,USA,VIP,2024-08-05,True
C12777,Noor Iqbal,Male,50,New York,USA,Premium,2021-02-12,True
C12778,Bilal Anderson,Male,29,Riyadh,Saudi Arabia,Regular,2022-03-10,True
C12779,Sana Smith,Male,51,Jeddah,Saudi Arabia,Regular,2025-10-19,False
C12780,Hassan Ahmed,Male,64,Lahore,Pakistan,VIP,2021-05-15,True
C12781,Daniel Siddiqui,Male,33,Manchester,UK,Regular,2022-01-27,False
C12782,David Davis,Male,28,London,UK,VIP,2022-09-19,True
C12783,Zara Siddiqui,Female,49,Paris,France,Premium,2021-01-20,False
C12784,Ali Raza,Male,22,Riyadh,Saudi Arabia,Regular,2025-05-04,False
C12785,Zara Ahmed,Female,66,Riyadh,Saudi Arabia,Regular,2023-09-25,True
C12786,Sana Anderson,Female,69,Doha,Qatar,Regular,2023-12-21,True
C12787,Hina Ahmed,Male,19,Karachi,Pakistan,Regular,2025-06-16,True
C12788,Amina Clark,Male,60,Madrid,Spain,Regular,2022-04-27,False
C12789,James Brown,Male,38,Riyadh,Saudi Arabia,VIP,2023-09-11,False
C12790,Faisal Clark,Female,62,Manchester,UK,VIP,2024-09-25,False
C12791,Daniel Khan,Female,56,Toronto,Canada,New,2022-10-21,True
C12792,Daniel Raza,Female,18,Manchester,UK,Regular,2023-12-02,False
C12793,Kamran Butt,Male,46,Paris,France,VIP,2023-06-15,True
C12794,Omar Raza,Female,44,Berlin,Germany,Regular,2021-04-14,True
C12795,Daniel Anderson,Male,26,Toronto,Canada,Regular,2023-11-01,False
C12796,Sophia Brown,Male,58,New York,USA,Premium,2022-07-10,False
C12797,David Miller,Male,38,Madrid,Spain,VIP,2023-01-18,False
C12798,Sophia Raza,Female,29,Riyadh,Saudi Arabia,Regular,2022-09-01,True
C12799,Kamran Raza,Female,25,Islamabad,Pakistan,Premium,2023-06-08,False
C12800,Omar Anderson,Female,38,Faisalabad,Pakistan,Regular,2025-10-01,False
C12801,Faisal Brown,Male,28,New York,USA,Regular,2022-06-15,True
C12802,Mariam Raza,Female,61,Abu Dhabi,UAE,Premium,2022-06-06,True
C12803,John Anderson,Male,51,London,UK,Regular,2021-01-09,True
C12804,Noor Brown,Male,62,Vancouver,Canada,Premium,2022-02-15,True
C12805,Zara Iqbal,Male,26,New York,USA,Regular,2021-02-14,False
C12806,Daniel Siddiqui,Female,61,Dubai,UAE,Regular,2025-03-13,False
C12807,Sana Khan,Female,32,Abu Dhabi,UAE,New,2025-06-25,True
C12808,James Butt,Male,50,Faisalabad,Pakistan,Regular,2022-09-25,False
C12809,Bilal Malik,Female,24,Dubai,UAE,Premium,2021-01-04,True
C12810,Fatima Lewis,Male,49,Abu Dhabi,UAE,Premium,2022-02-20,True
C12811,John Khan,Male,63,Karachi,Pakistan,Premium,2021-06-14,True
C12812,Hina Smith,Female,63,Multan,Pakistan,Premium,2024-05-23,False
C12813,Sophia Johnson,Female,56,Los Angeles,USA,Regular,2021-12-15,True
C12814,Zara Johnson,Male,26,Lahore,Pakistan,Premium,2022-02-13,False
C12815,David Ahmed,Female,39,Chicago,USA,Regular,2024-08-24,False
C12816,Ali Siddiqui,Female,66,Madrid,Spain,Regular,2022-11-20,True
C12817,Sana Williams,Female,63,Madrid,Spain,Regular,2021-01-12,True
C12818,Ahmed Raza,Male,68,Paris,France,Premium,2024-09-03,False
C12819,Sara Williams,Male,69,Chicago,USA,Premium,2024-01-05,True
C12820,Emily Siddiqui,Female,48,Islamabad,Pakistan,Premium,2022-11-15,True
C12821,John Williams,Male,39,New York,USA,Regular,2024-03-07,False
C12822,Fatima Clark,Male,22,Chicago,USA,New,2021-07-27,False
C12823,Noor Butt,Female,23,Manchester,UK,Regular,2025-03-20,False
C12824,Sara Khan,Male,47,Lahore,Pakistan,VIP,2022-04-19,True
C12825,Usman Raza,Female,45,Islamabad,Pakistan,Regular,2022-11-21,False
C12826,Usman Raza,Female,66,Vancouver,Canada,New,2024-12-09,True
C12827,Usman Miller,Female,39,Chicago,USA,Premium,2024-06-07,True
C12828,Ayesha Chaudhry,Male,70,Faisalabad,Pakistan,Regular,2021-06-06,False
C12829,Hina Williams,Female,68,Doha,Qatar,New,2024-06-03,True
C12830,Hassan Smith,Female,32,Dubai,UAE,New,2024-04-16,False
C12831,Ava Brown,Female,44,London,UK,Regular,2024-08-17,False
C12832,Hina Iqbal,Female,70,Paris,France,VIP,2025-05-23,False
C12833,Zara Williams,Male,38,Lahore,Pakistan,Regular,2021-07-19,True
C12834,Omar Brown,Female,25,Paris,France,Regular,2025-11-02,False
C12835,Daniel Williams,Female,29,Madrid,Spain,Premium,2022-04-24,False
C12836,Kamran Clark,Male,34,Vancouver,Canada,Premium,2021-05-28,True
C12837,Faisal Siddiqui,Female,45,Multan,Pakistan,New,2021-11-12,True
C12838,Olivia Shah,Female,49,Multan,Pakistan,Regular,2022-12-28,True
C12839,Sana Clark,Female,26,Manchester,UK,Regular,2023-09-10,True
C12840,Usman Butt,Male,23,Lahore,Pakistan,Regular,2024-09-22,True
C12841,Kamran Raza,Male,54,Abu Dhabi,UAE,Premium,2022-05-11,True
C12842,Tariq Davis,Male,43,New York,USA,Regular,2024-11-08,True
C12843,Usman Khan,Male,22,Paris,France,New,2025-03-01,True
C12844,Imran Chaudhry,Male,42,Doha,Qatar,VIP,2025-09-07,True
C12845,Emma Davis,Female,19,Paris,France,New,2022-09-06,False
C12846,Michael Shah,Female,18,Islamabad,Pakistan,New,2024-11-22,False
C12847,Daniel Williams,Male,19,Doha,Qatar,Premium,2025-06-14,False
C12848,Ayesha Shah,Male,34,Karachi,Pakistan,Premium,2025-02-19,True
C12849,James Khan,Male,24,Karachi,Pakistan,New,2023-05-13,True
C12850,Olivia Wilson,Male,52,Manchester,UK,New,2024-04-17,True
C12851,John Ahmed,Male,36,Jeddah,Saudi Arabia,Regular,2023-04-03,False
C12852,Daniel Wilson,Female,22,Berlin,Germany,Premium,2024-06-07,True
C12853,John Shah,Female,37,Los Angeles,USA,Regular,2023-06-17,True
C12854,Laila Khan,Male,43,Karachi,Pakistan,Premium,2022-06-13,False
C12855,Sana Davis,Female,20,Faisalabad,Pakistan,Regular,2024-10-02,True
C12856,Tariq Lewis,Male,48,Faisalabad,Pakistan,Premium,2024-07-03,True
C12857,Ava Brown,Female,69,Los Angeles,USA,Premium,2023-07-04,True
C12858,Sana Brown,Female,40,Toronto,Canada,Premium,2025-12-17,True
C12859,Noor Ahmed,Female,20,Dubai,UAE,Premium,2022-01-11,True
C12860,Hassan Johnson,Male,55,Abu Dhabi,UAE,Regular,2023-06-15,True
C12861,Mariam Johnson,Male,33,Manchester,UK,Premium,2025-10-25,True
C12862,Tariq Brown,Male,24,Dubai,UAE,Regular,2023-12-16,False
C12863,Ahmed Smith,Female,45,Karachi,Pakistan,Regular,2025-08-20,True
C12864,Ali Raza,Female,31,Abu Dhabi,UAE,Regular,2021-08-06,False
C12865,Faisal Anderson,Male,34,Paris,France,Regular,2024-11-12,True
C12866,Bilal Wilson,Female,37,London,UK,Regular,2022-04-01,False
C12867,Amina Clark,Female,26,Lahore,Pakistan,New,2022-01-21,False
C12868,Emma Iqbal,Female,68,Chicago,USA,Regular,2022-08-24,True
C12869,Zara Raza,Female,26,Los Angeles,USA,Premium,2021-08-21,False
C12870,David Lewis,Male,18,Lahore,Pakistan,Regular,2022-02-05,True
C12871,Michael Chaudhry,Male,30,Multan,Pakistan,Regular,2021-05-16,True
C12872,Sophia Miller,Female,48,Manchester,UK,Regular,2021-10-27,False
C12873,Faisal Miller,Male,42,Toronto,Canada,Regular,2021-10-14,False
C12874,David Davis,Female,36,Berlin,Germany,Regular,2024-10-24,False
C12875,Usman Farooq,Female,19,Riyadh,Saudi Arabia,Regular,2025-12-12,True
C12876,Bilal Brown,Female,30,Doha,Qatar,VIP,2022-10-07,True
C12877,Faisal Ahmed,Female,33,Islamabad,Pakistan,New,2022-12-01,False
C12878,Michael Farooq,Female,60,Manchester,UK,Regular,2021-01-25,True
C12879,Olivia Clark,Male,23,New York,USA,New,2023-06-02,True
C12880,Tariq Raza,Female,18,Islamabad,Pakistan,Regular,2021-01-05,False
C12881,Faisal Shah,Female,47,Chicago,USA,New,2023-10-15,True
C12882,Zara Wilson,Male,40,London,UK,Regular,2022-02-20,True
C12883,Faisal Brown,Female,54,Doha,Qatar,Regular,2021-05-13,True
C12884,John Brown,Female,61,Paris,France,VIP,2025-03-01,True
C12885,Michael Raza,Female,45,New York,USA,Regular,2021-09-05,False
C12886,Omar Chaudhry,Male,64,Chicago,USA,Regular,2024-03-10,True
C12887,Michael Raza,Male,52,Karachi,Pakistan,Regular,2021-01-03,False
C12888,Omar Ahmed,Male,53,Lahore,Pakistan,VIP,2024-05-07,True
C12889,Tariq Shah,Male,59,Faisalabad,Pakistan,Premium,2024-04-08,False
C12890,Tariq Lewis,Male,69,Abu Dhabi,UAE,Regular,2024-01-02,True
C12891,Imran Lewis,Male,22,Karachi,Pakistan,Premium,2025-09-04,True
C12892,Sara Iqbal,Male,39,Chicago,USA,Premium,2023-05-03,False
C12893,David Iqbal,Male,57,Vancouver,Canada,Premium,2025-01-09,True
C12894,Noor Ahmed,Male,67,Paris,France,Regular,2024-03-18,True
C12895,Bilal Raza,Female,51,Islamabad,Pakistan,Regular,2025-10-10,False
C12896,Emma Khan,Female,63,Madrid,Spain,Regular,2023-02-02,False
C12897,Emily Butt,Male,57,Abu Dhabi,UAE,Regular,2025-04-20,False
C12898,Zara Raza,Male,53,Los Angeles,USA,Premium,2025-02-24,False
C12899,Laila Butt,Female,44,Paris,France,Premium,2022-06-21,True
C12900,Olivia Miller,Female,48,Berlin,Germany,Premium,2021-02-17,False
C12901,Emma Raza,Male,44,Berlin,Germany,New,2024-07-18,False
C12902,Sophia Brown,Male,47,Islamabad,Pakistan,New,2021-03-19,True
C12903,Noor Williams,Female,50,Paris,France,VIP,2022-09-01,True
C12904,Ahmed Brown,Female,28,Berlin,Germany,Regular,2024-11-20,True
C12905,Faisal Clark,Male,69,Doha,Qatar,Regular,2024-09-04,True
C12906,Laila Miller,Female,47,London,UK,Regular,2023-06-20,False
C12907,Ali Anderson,Male,53,Doha,Qatar,Regular,2024-12-18,True
C12908,Ava Ahmed,Female,25,Lahore,Pakistan,VIP,2023-02-25,False
C12909,Amina Clark,Male,54,New York,USA,Regular,2023-03-19,False
C12910,Olivia Ahmed,Female,23,Manchester,UK,Premium,2024-05-17,False
C12911,Emma Johnson,Male,18,Karachi,Pakistan,Premium,2021-03-09,False
C12912,Imran Davis,Female,40,Dubai,UAE,Premium,2025-01-21,True
C12913,Faisal Shah,Male,25,Multan,Pakistan,Regular,2021-03-11,True
C12914,Tariq Malik,Female,35,Los Angeles,USA,Regular,2021-01-13,False
C12915,Hina Butt,Male,44,Dubai,UAE,Premium,2022-02-21,True
C12916,Daniel Malik,Male,68,Dubai,UAE,New,2024-11-07,True
C12917,Olivia Iqbal,Female,59,Jeddah,Saudi Arabia,Premium,2022-03-09,False
C12918,Sana Farooq,Male,62,Riyadh,Saudi Arabia,VIP,2023-08-26,True
C12919,Tariq Lewis,Female,44,Doha,Qatar,Premium,2023-08-09,True
C12920,Daniel Miller,Male,41,Chicago,USA,Premium,2024-05-12,True
C12921,Sophia Ahmed,Female,42,London,UK,Premium,2023-09-18,False
C12922,Usman Chaudhry,Male,68,Los Angeles,USA,Regular,2023-12-28,True
C12923,Noor Iqbal,Female,49,Chicago,USA,Regular,2023-07-27,False
C12924,Mariam Raza,Male,60,London,UK,VIP,2025-08-12,False
C12925,Daniel Lewis,Female,33,Los Angeles,USA,Regular,2021-11-14,True
C12926,Mariam Williams,Female,52,Doha,Qatar,Regular,2023-01-25,False
C12927,Fatima Malik,Male,52,Karachi,Pakistan,Regular,2023-08-06,True
C12928,Usman Chaudhry,Male,66,Madrid,Spain,Premium,2021-04-19,True
C12929,Mariam Miller,Male,55,Madrid,Spain,Regular,2024-11-26,False
C12930,Amina Khan,Male,44,Riyadh,Saudi Arabia,Regular,2021-09-12,True
C12931,Emily Raza,Male,37,Karachi,Pakistan,New,2023-01-22,True
C12932,Zara Shah,Female,32,Faisalabad,Pakistan,New,2025-03-15,False
C12933,David Miller,Female,30,Riyadh,Saudi Arabia,Regular,2022-12-24,True
C12934,Mariam Johnson,Male,35,Multan,Pakistan,New,2021-03-13,False
C12935,James Chaudhry,Male,53,Madrid,Spain,Regular,2022-11-13,True
C12936,Michael Malik,Female,49,Faisalabad,Pakistan,Regular,2023-04-18,False
C12937,Omar Ahmed,Female,58,Doha,Qatar,VIP,2023-01-26,True
C12938,Omar Siddiqui,Male,48,Riyadh,Saudi Arabia,Premium,2025-05-12,False
C12939,Michael Davis,Male,66,Riyadh,Saudi Arabia,Regular,2023-08-06,True
C12940,Usman Butt,Female,34,Madrid,Spain,Regular,2024-03-28,True
C12941,Fatima Williams,Male,66,New York,USA,Regular,2023-02-06,False
C12942,Hassan Wilson,Male,50,Los Angeles,USA,New,2021-11-15,False
C12943,Faisal Lewis,Male,45,Lahore,Pakistan,Premium,2022-02-20,False
C12944,Olivia Butt,Female,22,Lahore,Pakistan,Regular,2022-08-02,False
C12945,Michael Smith,Male,70,Karachi,Pakistan,Regular,2023-11-23,False
C12946,Emily Siddiqui,Male,66,Riyadh,Saudi Arabia,Regular,2024-04-27,True
C12947,Fatima Ahmed,Female,59,Los Angeles,USA,Regular,2023-03-12,True
C12948,Fatima Malik,Male,53,Doha,Qatar,Regular,2024-12-08,True
C12949,Bilal Miller,Female,67,Jeddah,Saudi Arabia,Regular,2022-07-15,True
C12950,Ahmed Siddiqui,Female,36,Vancouver,Canada,Premium,2025-12-10,False
C12951,Imran Shah,Female,33,Islamabad,Pakistan,Regular,2022-10-12,True
C12952,Emily Iqbal,Female,48,Karachi,Pakistan,Regular,2021-11-04,False
C12953,Bilal Clark,Male,61,Paris,France,New,2021-10-05,False
C12954,Ava Davis,Male,28,Islamabad,Pakistan,Premium,2023-07-05,True
C12955,Sana Butt,Male,28,Los Angeles,USA,Regular,2021-09-08,False
C12956,Olivia Smith,Female,31,Islamabad,Pakistan,Premium,2025-07-25,False
C12957,Fatima Raza,Female,49,Lahore,Pakistan,Regular,2021-11-10,False
C12958,James Ahmed,Female,30,Vancouver,Canada,Regular,2025-05-11,True
C12959,Ali Raza,Female,65,Dubai,UAE,VIP,2021-04-18,False
C12960,Sara Shah,Female,58,Vancouver,Canada,Regular,2025-01-06,False
C12961,Kamran Brown,Male,33,Berlin,Germany,Premium,2025-01-09,True
C12962,Hassan Williams,Female,61,Abu Dhabi,UAE,Regular,2025-11-03,True
C12963,Amina Wilson,Male,20,Paris,France,Regular,2022-04-27,True
C12964,Ahmed Malik,Female,24,Dubai,UAE,Regular,2024-05-13,True
C12965,Zara Iqbal,Male,18,Chicago,USA,Regular,2021-09-22,True
C12966,Hina Malik,Male,61,Riyadh,Saudi Arabia,Premium,2023-11-13,True
C12967,Noor Khan,Male,52,Riyadh,Saudi Arabia,Premium,2024-11-22,True
C12968,Sophia Brown,Male,47,Riyadh,Saudi Arabia,Premium,2024-10-23,False
C12969,Sana Iqbal,Male,20,Paris,France,Regular,2024-03-03,False
C12970,Sana Khan,Female,25,Karachi,Pakistan,Regular,2021-05-18,False
C12971,James Lewis,Female,24,Chicago,USA,Regular,2021-08-01,False
C12972,Daniel Clark,Male,57,Faisalabad,Pakistan,Regular,2021-11-10,False
C12973,Noor Lewis,Female,27,Manchester,UK,Premium,2023-06-11,False
C12974,Hina Davis,Female,49,Vancouver,Canada,Regular,2021-08-15,True
C12975,Noor Raza,Female,33,Los Angeles,USA,Premium,2025-07-04,True
C12976,Ava Davis,Male,19,Berlin,Germany,Regular,2024-08-07,False
C12977,Amina Wilson,Female,65,Abu Dhabi,UAE,Regular,2021-01-06,True
C12978,Emily Brown,Male,37,Doha,Qatar,Regular,2022-07-13,True
C12979,Usman Shah,Male,36,Paris,France,New,2024-02-03,False
C12980,Emily Farooq,Male,58,Faisalabad,Pakistan,Premium,2024-06-06,False
C12981,Ayesha Lewis,Female,52,Riyadh,Saudi Arabia,Premium,2025-04-14,False
C12982,James Chaudhry,Female,38,Lahore,Pakistan,Regular,2024-10-13,False
C12983,Tariq Anderson,Male,18,Abu Dhabi,UAE,Regular,2021-09-08,False
C12984,Tariq Butt,Male,66,Riyadh,Saudi Arabia,Regular,2025-03-24,True
C12985,Emily Iqbal,Female,21,Faisalabad,Pakistan,Regular,2025-10-08,False
C12986,Ava Chaudhry,Male,42,Karachi,Pakistan,Premium,2021-11-05,True
C12987,Kamran Iqbal,Male,50,Chicago,USA,Regular,2021-08-04,True
C12988,Amina Siddiqui,Female,62,Islamabad,Pakistan,Premium,2021-07-21,True
C12989,Emily Davis,Female,54,London,UK,Regular,2024-05-19,False
C12990,Sara Smith,Male,26,Vancouver,Canada,Regular,2025-02-04,False
C12991,Olivia Smith,Female,40,Paris,France,Premium,2025-02-18,True
C12992,Ahmed Miller,Male,58,Paris,France,VIP,2021-12-11,False
C12993,Noor Shah,Male,28,Faisalabad,Pakistan,Premium,2022-06-27,False
C12994,Sophia Williams,Male,44,Dubai,UAE,Premium,2024-10-14,True
C12995,Imran Ahmed,Male,54,Chicago,USA,VIP,2024-04-17,True
C12996,Hina Malik,Male,66,Los Angeles,USA,Regular,2024-01-16,True
C12997,Fatima Shah,Male,25,New York,USA,Regular,2024-12-07,False
C12998,Ahmed Miller,Female,35,Riyadh,Saudi Arabia,Premium,2021-01-10,True
C12999,Emily Iqbal,Female,65,New York,USA,Regular,2022-09-25,False
C13000,Omar Williams,Male,61,Riyadh,Saudi Arabia,Premium,2025-10-18,True
